[2025-06-17 15:24:33] [INFO   ]  Custom Logger Initialized 
[2025-06-17 15:24:33] [INFO   ] [NOTICE] TerraformGenerator will suppress the server's watchdog while generating chunks to prevent unnecessary stacktrace warnings. Unless you specifically need thewatchdog now (to take aikar timings or debug lag), you don't need to take any action. 
[2025-06-17 15:24:33] [INFO   ] It is recommended to pregenerate to reduce lag problems. 
[2025-06-17 15:24:33] [INFO   ] Watchdog Thread hooked. 
[2025-06-17 15:24:33] [INFO   ]  bStats Metrics enabled. 
[2025-06-17 15:24:33] [INFO   ]  Detected version: 1.21.4, number: 21.4 
[2025-06-17 15:24:33] [INFO   ] Unfreezing biome registry... 
[2025-06-17 15:24:33] [INFO   ] Registered custom biome: muddy_bog 
[2025-06-17 15:24:33] [INFO   ] Registered custom biome: cherry_grove 
[2025-06-17 15:24:33] [INFO   ] Registered custom biome: scarlet_forest 
[2025-06-17 15:24:33] [INFO   ] Registered custom biome: crystalline_cluster 
[2025-06-17 15:24:33] [INFO   ] Freezing biome registry 
[2025-06-17 15:24:33] [INFO   ] [Structure Registry] Registered Large Structure: VillageHousePopulator 
[2025-06-17 15:24:33] [INFO   ] [Structure Registry] Registered Large Structure: VillagePopulator 
[2025-06-17 15:24:33] [INFO   ] [Structure Registry] Registered Large Structure: OutpostPopulator 
[2025-06-17 15:24:33] [INFO   ] [Structure Registry] Registered Large Structure: PyramidPopulator 
[2025-06-17 15:24:33] [INFO   ] [Structure Registry] Registered Large Structure: MonumentPopulator 
[2025-06-17 15:24:33] [INFO   ] [Structure Registry] Registered Large Structure: StrongholdPopulator 
[2025-06-17 15:24:33] [INFO   ] [Structure Registry] Registered Large Structure: MansionPopulator 
[2025-06-17 15:24:33] [INFO   ] [Structure Registry] Registered Large Structure: AncientCityPopulator 
[2025-06-17 15:24:33] [INFO   ] [Structure Registry] Registered Large Structure: TrialChamberPopulator 
[2025-06-17 15:24:33] [INFO   ] [Structure Registry] Registered Large Structure: LargeCavePopulator 
[2025-06-17 15:24:33] [INFO   ] [Structure Registry] Registered Large Structure: MineshaftPopulator 
[2025-06-17 15:24:33] [INFO   ] [Structure Registry] Registered Large Structure: CatacombsPopulator 
[2025-06-17 15:24:33] [INFO   ] [Structure Registry] Registered Large Structure: BadlandsMinePopulator 
[2025-06-17 15:24:33] [INFO   ] [Structure Registry] Registered Large Structure: WarmOceanRuinsPopulator 
[2025-06-17 15:24:33] [INFO   ] [Structure Registry] Registered Large Structure: TrailRuinsPopulator 
[2025-06-17 15:24:33] [INFO   ] [Structure Registry] Registered Small Structure: SmallDungeonPopulator 
[2025-06-17 15:24:33] [INFO   ] [Structure Registry] Registered Small Structure: ShipwreckPopulator 
[2025-06-17 15:24:33] [INFO   ] [Structure Registry] Registered Small Structure: BuriedTreasurePopulator 
[2025-06-17 15:24:33] [INFO   ] [Structure Registry] Registered Small Structure: RuinedPortalPopulator 
[2025-06-17 15:24:33] [INFO   ] [Structure Registry] Registered Small Structure: IglooPopulator 
[2025-06-17 15:24:33] [INFO   ] [Structure Registry] Registered Small Structure: DesertWellPopulator 
[2025-06-17 15:24:33] [INFO   ] [Structure Registry] Registered Small Structure: WitchHutPopulator 
[2025-06-17 15:24:34] [INFO   ] Creating TW instance: world - 6901172448325251296 
[2025-06-17 15:24:34] [INFO   ]  Detected world: world, commencing injection...  
[2025-06-17 15:24:34] [INFO   ] Creating TW instance: world - 6901172448325251296 
[2025-06-17 15:24:34] [INFO   ] NMSChunkGenerator Delegate is of type CustomChunkGenerator 
[2025-06-17 15:24:34] [INFO   ] Post injection: getChunkSource().getChunkGenerator() is of type NMSChunkGenerator 
[2025-06-17 15:24:34] [INFO   ]  Injection success! Proceeding with generation. 
[2025-06-17 15:24:37] [INFO   ] Will spawn stronghold at: CoordPair[x=1390, z=218] 
[2025-06-17 15:24:44] [INFO   ] Spawning CaveFluidClusterPopulator at 0,6,0 
[2025-06-17 15:24:44] [INFO   ] Spawning DeepCavePopulator at 0,-41,0 
[2025-06-17 15:24:44] [INFO   ] Spawning MossyCavePopulator at 0,6,1 
[2025-06-17 15:24:44] [INFO   ] Large Cave at -192,5,-192 has water level > -28 with populator LargeLushCavePopulator 
[2025-06-17 15:24:45] [INFO   ] Falling back to NMS bee spawning (addEntity api not present) 
[2025-06-17 15:24:46] [INFO   ] Spawning ForestedMountainsCavePopulator at -31,12,-16 
[2025-06-17 15:24:47] [INFO   ] Spawning DripstoneClusterCavePopulator at 64,-18,0 
[2025-06-17 15:24:48] [INFO   ] Spawning LushClusterCavePopulator at 64,80,-64 
[2025-06-17 15:24:48] [INFO   ]  world loaded. 
[2025-06-17 15:25:03] [INFO   ] Registered: org.terraform.structure.mineshaft.CaveSpiderDenPopulator at -169 24 -2718 in a room of size 13x13 
[2025-06-17 15:25:03] [INFO   ] Registered: org.terraform.structure.mineshaft.CaveSpiderDenPopulator at -249 24 -2765 in a room of size 15x15 
[2025-06-17 15:25:03] [INFO   ] Registered: org.terraform.structure.mineshaft.CaveSpiderDenPopulator at -186 24 -2822 in a room of size 15x14 
[2025-06-17 15:25:03] [INFO   ] Registered: org.terraform.structure.mineshaft.CaveSpiderDenPopulator at -220 24 -2794 in a room of size 13x14 
[2025-06-17 15:25:03] [INFO   ] Registered: org.terraform.structure.mineshaft.SmeltingHallPopulator at -158 24 -2757 in a room of size 14x13 
[2025-06-17 15:25:03] [INFO   ] Registered: org.terraform.structure.mineshaft.CaveSpiderDenPopulator at -158 24 -2695 in a room of size 15x15 
[2025-06-17 15:25:03] [INFO   ] Registered: org.terraform.structure.mineshaft.CaveSpiderDenPopulator at -208 24 -2762 in a room of size 13x14 
[2025-06-17 15:25:03] [INFO   ] Registered: org.terraform.structure.mineshaft.CaveSpiderDenPopulator at -235 24 -2794 in a room of size 14x15 
[2025-06-17 15:25:03] [INFO   ] Registered: org.terraform.structure.mineshaft.CaveSpiderDenPopulator at -216 24 -2735 in a room of size 14x15 
[2025-06-17 15:25:03] [INFO   ] Registered: org.terraform.structure.mineshaft.SmeltingHallPopulator at -3742 9 -4806 in a room of size 14x15 
[2025-06-17 15:25:03] [INFO   ] Registered: org.terraform.structure.mineshaft.CaveSpiderDenPopulator at -3780 9 -4819 in a room of size 15x13 
[2025-06-17 15:25:03] [INFO   ] Registered: org.terraform.structure.mineshaft.CaveSpiderDenPopulator at -3707 9 -4729 in a room of size 13x14 
[2025-06-17 15:25:03] [INFO   ] Registered: org.terraform.structure.mineshaft.CaveSpiderDenPopulator at -3848 9 -4799 in a room of size 13x14 
[2025-06-17 15:25:03] [INFO   ] Registered: org.terraform.structure.mineshaft.SmeltingHallPopulator at -3761 9 -4826 in a room of size 14x15 
[2025-06-17 15:25:03] [INFO   ] Registered: org.terraform.structure.mineshaft.CaveSpiderDenPopulator at -3714 9 -4820 in a room of size 14x13 
[2025-06-17 15:25:03] [INFO   ] Registered: org.terraform.structure.mineshaft.SmeltingHallPopulator at -3844 9 -4749 in a room of size 15x13 
[2025-06-17 15:25:03] [INFO   ] Registered: org.terraform.structure.mineshaft.CaveSpiderDenPopulator at -3777 9 -4862 in a room of size 14x14 
[2025-06-17 15:25:08] [INFO   ] Spawning FrozenCavePopulator at -4368,23,-2480 
[2025-06-17 15:25:08] [INFO   ] Registered: org.terraform.structure.mineshaft.SmeltingHallPopulator at -4296 0 -2209 in a room of size 15x13 
[2025-06-17 15:25:08] [INFO   ] Registered: org.terraform.structure.mineshaft.CaveSpiderDenPopulator at -4275 0 -2202 in a room of size 14x14 
[2025-06-17 15:25:08] [INFO   ] Registered: org.terraform.structure.mineshaft.CaveSpiderDenPopulator at -4349 0 -2282 in a room of size 13x14 
[2025-06-17 15:25:08] [INFO   ] Registered: org.terraform.structure.mineshaft.CaveSpiderDenPopulator at -4259 0 -2269 in a room of size 14x14 
[2025-06-17 15:25:08] [INFO   ] Registered: org.terraform.structure.mineshaft.SmeltingHallPopulator at -4323 0 -2289 in a room of size 13x14 
[2025-06-17 15:25:08] [INFO   ] Registered: org.terraform.structure.mineshaft.SmeltingHallPopulator at -4219 0 -2175 in a room of size 14x14 
[2025-06-17 15:25:08] [INFO   ] Registered: org.terraform.structure.mineshaft.CaveSpiderDenPopulator at -4246 0 -2311 in a room of size 13x15 
[2025-06-17 15:25:08] [INFO   ] Registered: org.terraform.structure.mineshaft.CaveSpiderDenPopulator at -4250 0 -2199 in a room of size 15x13 
[2025-06-17 15:25:22] [INFO   ] Spawning CrystallineClusterCavePopulator at 86,27,0 
[2025-06-17 15:25:27] [INFO   ] -12,20 will spawn a vanilla structure, with tryGenerateStructure == true 
[2025-06-17 15:25:33] [INFO   ] Generating org.terraform.structure.small.buriedtreasure.BuriedTreasurePopulator at chunk: 6,7 
[2025-06-17 15:25:36] [INFO   ] Generating org.terraform.structure.small.dungeon.SmallDungeonPopulator at chunk: -4,13 
[2025-06-17 15:25:36] [INFO   ] Spawning Underground Dungeon at -64,39,211 
[2025-06-17 15:25:40] [INFO   ] Generating org.terraform.structure.small.dungeon.SmallDungeonPopulator at chunk: 12,8 
[2025-06-17 15:25:40] [INFO   ] Spawning Underground Dungeon at 196,10,132 
[2025-06-17 15:25:42] [INFO   ] Generating org.terraform.structure.caves.LargeCavePopulator at chunk: -12,-12 
[2025-06-17 15:25:44] [INFO   ] Spawning Creaking Heart at -263,77,132 
[2025-06-17 15:25:44] [INFO   ] Spawning Creaking Heart at -268,76,193 
[2025-06-17 15:26:37] [INFO   ] Generating org.terraform.structure.small.dungeon.SmallDungeonPopulator at chunk: 6,19 
[2025-06-17 15:26:37] [INFO   ] Spawning Underground Dungeon at 100,6,308 
[2025-06-17 15:26:39] [INFO   ] Large Cave at 320,28,832 has water level > -8 with populator MushroomCavePopulator 
[2025-06-17 15:26:39] [INFO   ] Registered: org.terraform.structure.mineshaft.ShaftRoomPopulator at -189 -5 858 in a room of size 15x15 
[2025-06-17 15:26:39] [INFO   ] Registered: org.terraform.structure.mineshaft.SmeltingHallPopulator at -173 -5 845 in a room of size 14x15 
[2025-06-17 15:26:39] [INFO   ] Registered: org.terraform.structure.mineshaft.ShaftRoomPopulator at -184 -5 805 in a room of size 15x15 
[2025-06-17 15:26:39] [INFO   ] Registered: org.terraform.structure.mineshaft.ShaftRoomPopulator at -145 -5 841 in a room of size 15x15 
[2025-06-17 15:26:39] [INFO   ] Registered: org.terraform.structure.mineshaft.ShaftRoomPopulator at -210 -5 758 in a room of size 14x13 
[2025-06-17 15:26:39] [INFO   ] Registered: org.terraform.structure.mineshaft.CaveSpiderDenPopulator at -267 -5 832 in a room of size 14x14 
[2025-06-17 15:26:39] [INFO   ] Registered: org.terraform.structure.mineshaft.SmeltingHallPopulator at -215 -5 797 in a room of size 13x14 
[2025-06-17 15:26:39] [INFO   ] Registered: org.terraform.structure.mineshaft.ShaftRoomPopulator at -241 -5 763 in a room of size 14x15 
[2025-06-17 15:26:39] [INFO   ] Registered: org.terraform.structure.mineshaft.SmeltingHallPopulator at -235 -5 862 in a room of size 15x13 
[2025-06-17 15:26:39] [INFO   ] Registered: org.terraform.structure.mineshaft.ShaftTopPopulator at -189 10 858 in a room of size 15x5 
[2025-06-17 15:26:39] [INFO   ] Registered: org.terraform.structure.mineshaft.ShaftTopPopulator at -145 10 841 in a room of size 15x6 
[2025-06-17 15:26:39] [INFO   ] Registered: org.terraform.structure.mineshaft.ShaftTopPopulator at -210 10 758 in a room of size 14x6 
[2025-06-17 15:26:39] [INFO   ] Registered: org.terraform.structure.mineshaft.CaveSpiderDenPopulator at -132 10 799 in a room of size 15x13 
[2025-06-17 15:26:39] [INFO   ] Registered: org.terraform.structure.mineshaft.ShaftTopPopulator at -241 10 763 in a room of size 14x5 
[2025-06-17 15:26:39] [INFO   ] Registered: org.terraform.structure.mineshaft.CaveSpiderDenPopulator at -226 10 850 in a room of size 13x15 
[2025-06-17 15:26:39] [INFO   ] Registered: org.terraform.structure.mineshaft.SmeltingHallPopulator at -238 10 793 in a room of size 14x14 
[2025-06-17 15:26:39] [INFO   ] Registered: org.terraform.structure.mineshaft.ShaftTopPopulator at -184 10 805 in a room of size 15x7 
[2025-06-17 15:26:39] [INFO   ] Registered: org.terraform.structure.mineshaft.CaveSpiderDenPopulator at -146 10 824 in a room of size 14x15 
[2025-06-17 15:26:39] [INFO   ] Registered: org.terraform.structure.mineshaft.SmeltingHallPopulator at -173 10 899 in a room of size 13x14 
[2025-06-17 15:26:39] [INFO   ] Registered: org.terraform.structure.mineshaft.SmeltingHallPopulator at -170 10 855 in a room of size 14x15 
[2025-06-17 15:26:43] [INFO   ] Generating org.terraform.structure.village.VillagePopulator at chunk: 20,20 
[2025-06-17 15:26:43] [INFO   ] Spawning plains village at 320,50,320 
[2025-06-17 15:26:44] [INFO   ] Registered: org.terraform.structure.village.plains.PlainsVillageAnimalPenPopulator at 281 0 331 in a room of size 16x17 
[2025-06-17 15:26:44] [INFO   ] Registered: org.terraform.structure.village.plains.PlainsVillageCropFarmPopulator at 340 0 323 in a room of size 17x17 
[2025-06-17 15:26:44] [INFO   ] Registered: org.terraform.structure.village.plains.PlainsVillageTownhallPopulator at 320 73 320 in a room of size 24x24 
[2025-06-17 15:26:44] [INFO   ] Spawning farmhouse at 320,72,320 with rotation of SOUTH 
[2025-06-17 15:26:44] [INFO   ] Registered: org.terraform.structure.village.plains.PlainsVillageStandardHousePopulator at 298 0 295 in a room of size 17x19 
[2025-06-17 15:26:44] [INFO   ] Registered: org.terraform.structure.village.plains.PlainsVillageCropFarmPopulator at 314 0 296 in a room of size 16x17 
[2025-06-17 15:26:44] [INFO   ] Registered: org.terraform.structure.village.plains.PlainsVillageStandardHousePopulator at 331 0 343 in a room of size 17x16 
[2025-06-17 15:26:44] [INFO   ] Registered: org.terraform.structure.village.plains.PlainsVillageTemplePopulator at 359 0 347 in a room of size 16x18 
[2025-06-17 15:26:44] [INFO   ] Registered: org.terraform.structure.village.plains.PlainsVillageStandardHousePopulator at 313 0 342 in a room of size 17x15 
[2025-06-17 15:26:44] [INFO   ] Registered: org.terraform.structure.village.plains.PlainsVillageCropFarmPopulator at 280 0 311 in a room of size 19x17 
[2025-06-17 15:26:44] [INFO   ] Registered: org.terraform.structure.village.plains.PlainsVillagePondPopulator at 295 0 339 in a room of size 10x9 
[2025-06-17 15:26:44] [INFO   ] Registered: org.terraform.structure.village.plains.PlainsVillageForgePopulator at 300 0 318 in a room of size 15x17 
[2025-06-17 15:26:44] [INFO   ] Registered: org.terraform.structure.village.plains.PlainsVillageAnimalPenPopulator at 338 0 360 in a room of size 19x17 
[2025-06-17 15:26:45] [INFO   ] Generating org.terraform.structure.small.dungeon.SmallDungeonPopulator at chunk: 24,24 
[2025-06-17 15:26:45] [INFO   ] Spawning Underground Dungeon at 390,33,391 
[2025-06-17 15:26:49] [INFO   ] Large Cave at 832,23,320 has water level > -23 with populator GenericLargeCavePopulator 
[2025-06-17 15:26:49] [INFO   ] Registered: org.terraform.structure.mineshaft.ShaftRoomPopulator at 852 18 856 in a room of size 14x13 
[2025-06-17 15:26:49] [INFO   ] Registered: org.terraform.structure.mineshaft.CaveSpiderDenPopulator at 865 18 774 in a room of size 15x15 
[2025-06-17 15:26:49] [INFO   ] Registered: org.terraform.structure.mineshaft.SmeltingHallPopulator at 890 18 841 in a room of size 13x15 
[2025-06-17 15:26:49] [INFO   ] Registered: org.terraform.structure.mineshaft.CaveSpiderDenPopulator at 855 18 838 in a room of size 15x15 
[2025-06-17 15:26:49] [INFO   ] Registered: org.terraform.structure.mineshaft.SmeltingHallPopulator at 831 18 766 in a room of size 14x13 
[2025-06-17 15:26:49] [INFO   ] Registered: org.terraform.structure.mineshaft.SmeltingHallPopulator at 792 18 827 in a room of size 15x14 
[2025-06-17 15:26:49] [INFO   ] Registered: org.terraform.structure.mineshaft.CaveSpiderDenPopulator at 893 18 803 in a room of size 14x13 
[2025-06-17 15:26:49] [INFO   ] Registered: org.terraform.structure.mineshaft.ShaftRoomPopulator at 784 18 768 in a room of size 13x15 
[2025-06-17 15:26:49] [INFO   ] Registered: org.terraform.structure.mineshaft.CaveSpiderDenPopulator at 783 33 800 in a room of size 14x14 
[2025-06-17 15:26:49] [INFO   ] Registered: org.terraform.structure.mineshaft.ShaftTopPopulator at 852 33 856 in a room of size 14x6 
[2025-06-17 15:26:49] [INFO   ] Registered: org.terraform.structure.mineshaft.CaveSpiderDenPopulator at 862 33 816 in a room of size 15x13 
[2025-06-17 15:26:49] [INFO   ] Registered: org.terraform.structure.mineshaft.CaveSpiderDenPopulator at 843 33 772 in a room of size 15x15 
[2025-06-17 15:26:49] [INFO   ] Registered: org.terraform.structure.mineshaft.CaveSpiderDenPopulator at 773 33 830 in a room of size 13x14 
[2025-06-17 15:26:49] [INFO   ] Registered: org.terraform.structure.mineshaft.CaveSpiderDenPopulator at 871 33 791 in a room of size 14x13 
[2025-06-17 15:26:49] [INFO   ] Registered: org.terraform.structure.mineshaft.SmeltingHallPopulator at 800 33 881 in a room of size 13x15 
[2025-06-17 15:26:49] [INFO   ] Registered: org.terraform.structure.mineshaft.SmeltingHallPopulator at 818 33 809 in a room of size 14x15 
[2025-06-17 15:26:49] [INFO   ] Registered: org.terraform.structure.mineshaft.CaveSpiderDenPopulator at 759 33 843 in a room of size 15x14 
[2025-06-17 15:26:49] [INFO   ] Registered: org.terraform.structure.mineshaft.ShaftTopPopulator at 784 33 768 in a room of size 13x7 
[2025-06-17 15:26:58] [INFO   ] Large Cave at 832,27,-192 has water level > -22 with populator MushroomCavePopulator 
[2025-06-17 15:27:01] [INFO   ] Registered: org.terraform.structure.catacombs.CatacombsStairwayPopulator at 808 27 -706 in a room of size 10x8 
[2025-06-17 15:27:01] [INFO   ] Registered: org.terraform.structure.catacombs.CatacombsDripstoneCavern at 824 27 -725 in a room of size 10x7 
[2025-06-17 15:27:01] [INFO   ] Registered: org.terraform.structure.catacombs.CatacombsPillarRoomPopulator at 839 27 -710 in a room of size 7x8 
[2025-06-17 15:27:01] [INFO   ] Registered: org.terraform.structure.catacombs.CatacombsPillarRoomPopulator at 850 27 -682 in a room of size 9x8 
[2025-06-17 15:27:01] [INFO   ] Registered: org.terraform.structure.catacombs.CatacombsStairwayPopulator at 855 27 -706 in a room of size 8x8 
[2025-06-17 15:27:01] [INFO   ] Registered: org.terraform.structure.catacombs.CatacombsStairwayPopulator at 818 12 -698 in a room of size 10x7 
[2025-06-17 15:27:01] [INFO   ] Registered: org.terraform.structure.catacombs.CatacombsStairwayBasePopulator at 808 12 -706 in a room of size 10x8 
[2025-06-17 15:27:01] [INFO   ] Registered: org.terraform.structure.catacombs.CatacombsDripstoneCavern at 812 12 -715 in a room of size 10x10 
[2025-06-17 15:27:01] [INFO   ] Registered: org.terraform.structure.catacombs.CatacombsDripstoneCavern at 829 12 -687 in a room of size 7x8 
[2025-06-17 15:27:01] [INFO   ] Registered: org.terraform.structure.catacombs.CatacombsStairwayBasePopulator at 855 12 -706 in a room of size 8x8 
[2025-06-17 15:27:01] [INFO   ] Registered: org.terraform.structure.catacombs.CatacombsPillarRoomPopulator at 842 12 -702 in a room of size 8x10 
[2025-06-17 15:27:01] [INFO   ] Registered: org.terraform.structure.catacombs.CatacombsStandardPopulator at 809 12 -679 in a room of size 10x9 
[2025-06-17 15:27:01] [INFO   ] Registered: org.terraform.structure.catacombs.CatacombsDripstoneBasinPopulator at 824 12 -725 in a room of size 10x7 
[2025-06-17 15:27:01] [INFO   ] Registered: org.terraform.structure.catacombs.CatacombsDripstoneBasinPopulator at 829 -3 -687 in a room of size 7x9 
[2025-06-17 15:27:01] [INFO   ] Registered: org.terraform.structure.catacombs.CatacombsPillarRoomPopulator at 807 -3 -681 in a room of size 9x10 
[2025-06-17 15:27:01] [INFO   ] Registered: org.terraform.structure.catacombs.CatacombsSkeletonDungeonPopulator at 809 -3 -726 in a room of size 8x7 
[2025-06-17 15:27:01] [INFO   ] Registered: org.terraform.structure.catacombs.CatacombsCasketRoomPopulator at 825 -3 -707 in a room of size 7x9 
[2025-06-17 15:27:01] [INFO   ] Registered: org.terraform.structure.catacombs.CatacombsSkeletonDungeonPopulator at 852 -3 -692 in a room of size 9x7 
[2025-06-17 15:27:01] [INFO   ] Registered: org.terraform.structure.catacombs.CatacombsStandardPopulator at 834 -3 -719 in a room of size 10x9 
[2025-06-17 15:27:01] [INFO   ] Registered: org.terraform.structure.catacombs.CatacombsStairwayBasePopulator at 818 -3 -698 in a room of size 10x8 
[2025-06-17 15:27:01] [INFO   ] Registered: org.terraform.structure.catacombs.CatacombsSkeletonDungeonPopulator at 819 -3 -727 in a room of size 9x10 
[2025-06-17 15:27:01] [INFO   ] Registered: org.terraform.structure.catacombs.CatacombsDripstoneBasinPopulator at 812 -3 -715 in a room of size 10x10 
[2025-06-17 15:27:02] [INFO   ] Registered: org.terraform.structure.mineshaft.ShaftRoomPopulator at 253 21 -737 in a room of size 14x15 
[2025-06-17 15:27:02] [INFO   ] Registered: org.terraform.structure.mineshaft.ShaftRoomPopulator at 389 21 -696 in a room of size 15x15 
[2025-06-17 15:27:02] [INFO   ] Registered: org.terraform.structure.mineshaft.CaveSpiderDenPopulator at 378 21 -747 in a room of size 15x15 
[2025-06-17 15:27:02] [INFO   ] Registered: org.terraform.structure.mineshaft.SmeltingHallPopulator at 277 21 -708 in a room of size 13x13 
[2025-06-17 15:27:02] [INFO   ] Registered: org.terraform.structure.mineshaft.ShaftRoomPopulator at 356 21 -677 in a room of size 13x14 
[2025-06-17 15:27:02] [INFO   ] Registered: org.terraform.structure.mineshaft.CaveSpiderDenPopulator at 338 21 -763 in a room of size 13x15 
[2025-06-17 15:27:02] [INFO   ] Registered: org.terraform.structure.mineshaft.SmeltingHallPopulator at 287 21 -651 in a room of size 14x13 
[2025-06-17 15:27:02] [INFO   ] Registered: org.terraform.structure.mineshaft.SmeltingHallPopulator at 305 21 -630 in a room of size 14x14 
[2025-06-17 15:27:02] [INFO   ] Registered: org.terraform.structure.mineshaft.SmeltingHallPopulator at 297 21 -675 in a room of size 15x13 
[2025-06-17 15:27:02] [INFO   ] Registered: org.terraform.structure.mineshaft.SmeltingHallPopulator at 363 21 -632 in a room of size 15x15 
[2025-06-17 15:27:02] [INFO   ] Registered: org.terraform.structure.mineshaft.SmeltingHallPopulator at 344 36 -691 in a room of size 15x15 
[2025-06-17 15:27:02] [INFO   ] Registered: org.terraform.structure.mineshaft.CaveSpiderDenPopulator at 392 36 -754 in a room of size 14x14 
[2025-06-17 15:27:02] [INFO   ] Registered: org.terraform.structure.mineshaft.ShaftTopPopulator at 253 36 -737 in a room of size 14x7 
[2025-06-17 15:27:02] [INFO   ] Registered: org.terraform.structure.mineshaft.SmeltingHallPopulator at 355 36 -753 in a room of size 13x14 
[2025-06-17 15:27:02] [INFO   ] Registered: org.terraform.structure.mineshaft.SmeltingHallPopulator at 341 36 -637 in a room of size 13x15 
[2025-06-17 15:27:02] [INFO   ] Registered: org.terraform.structure.mineshaft.ShaftTopPopulator at 389 36 -696 in a room of size 15x5 
[2025-06-17 15:27:02] [INFO   ] Registered: org.terraform.structure.mineshaft.CaveSpiderDenPopulator at 290 36 -669 in a room of size 13x14 
[2025-06-17 15:27:02] [INFO   ] Registered: org.terraform.structure.mineshaft.CaveSpiderDenPopulator at 371 36 -720 in a room of size 13x14 
[2025-06-17 15:27:02] [INFO   ] Registered: org.terraform.structure.mineshaft.ShaftTopPopulator at 356 36 -677 in a room of size 13x7 
[2025-06-17 15:27:02] [INFO   ] Registered: org.terraform.structure.mineshaft.CaveSpiderDenPopulator at 300 36 -742 in a room of size 15x14 
[2025-06-17 15:27:12] [INFO   ] Generating org.terraform.structure.small.dungeon.SmallDungeonPopulator at chunk: 17,-16 
[2025-06-17 15:27:12] [INFO   ] Spawning Underground Dungeon at 276,22,-254 
[2025-06-17 15:27:13] [INFO   ] Generating org.terraform.structure.village.VillagePopulator at chunk: 20,-12 
[2025-06-17 15:27:13] [INFO   ] Spawning plains village at 320,50,-192 
[2025-06-17 15:27:14] [INFO   ] Generating org.terraform.structure.small.dungeon.SmallDungeonPopulator at chunk: 18,-6 
[2025-06-17 15:27:14] [INFO   ] Spawning Underground Dungeon at 296,56,-96 
[2025-06-17 15:27:15] [INFO   ] Registered: org.terraform.structure.village.plains.PlainsVillageTownhallPopulator at 320 72 -192 in a room of size 24x24 
[2025-06-17 15:27:15] [INFO   ] Spawning farmhouse at 320,72,-192 with rotation of WEST 
[2025-06-17 15:27:15] [INFO   ] Registered: org.terraform.structure.village.plains.PlainsVillageTemplePopulator at 326 0 -230 in a room of size 18x18 
[2025-06-17 15:27:15] [INFO   ] Registered: org.terraform.structure.village.plains.PlainsVillageWellPopulator at 301 0 -173 in a room of size 8x10 
[2025-06-17 15:27:15] [INFO   ] Registered: org.terraform.structure.village.plains.PlainsVillageWellPopulator at 339 0 -144 in a room of size 7x8 
[2025-06-17 15:27:15] [INFO   ] Registered: org.terraform.structure.village.plains.PlainsVillageForgePopulator at 374 0 -138 in a room of size 17x16 
[2025-06-17 15:27:15] [INFO   ] Registered: org.terraform.structure.village.plains.PlainsVillagePondPopulator at 337 0 -131 in a room of size 7x8 
[2025-06-17 15:27:15] [INFO   ] Registered: org.terraform.structure.village.plains.PlainsVillageAnimalPenPopulator at 354 0 -147 in a room of size 18x16 
[2025-06-17 15:27:15] [INFO   ] Registered: org.terraform.structure.village.plains.PlainsVillageStandardHousePopulator at 383 0 -177 in a room of size 18x17 
[2025-06-17 15:27:15] [INFO   ] Registered: org.terraform.structure.village.plains.PlainsVillageWellPopulator at 314 0 -176 in a room of size 10x8 
[2025-06-17 15:27:15] [INFO   ] Registered: org.terraform.structure.village.plains.PlainsVillageStandardHousePopulator at 296 0 -189 in a room of size 19x18 
[2025-06-17 15:27:15] [INFO   ] Registered: org.terraform.structure.village.plains.PlainsVillageAnimalPenPopulator at 325 0 -154 in a room of size 15x15 
[2025-06-17 15:27:15] [INFO   ] Registered: org.terraform.structure.village.plains.PlainsVillageStandardHousePopulator at 296 0 -209 in a room of size 19x19 
[2025-06-17 15:27:15] [INFO   ] Registered: org.terraform.structure.village.plains.PlainsVillageCropFarmPopulator at 344 0 -162 in a room of size 17x15 
[2025-06-17 15:27:15] [INFO   ] Registered: org.terraform.structure.village.plains.PlainsVillageCropFarmPopulator at 309 0 -229 in a room of size 15x16 
[2025-06-17 15:27:15] [INFO   ] Registered: org.terraform.structure.village.plains.PlainsVillagePondPopulator at 327 0 -213 in a room of size 7x8 
[2025-06-17 15:27:15] [INFO   ] Registered: org.terraform.structure.village.plains.PlainsVillageStandardHousePopulator at 345 0 -220 in a room of size 16x18 
[2025-06-17 15:27:15] [INFO   ] Registered: org.terraform.structure.village.plains.PlainsVillageAnimalPenPopulator at 349 0 -128 in a room of size 16x15 
[2025-06-17 15:27:15] [INFO   ] Registered: org.terraform.structure.village.plains.PlainsVillagePondPopulator at 382 0 -161 in a room of size 9x9 
[2025-06-17 15:27:15] [INFO   ] Registered: org.terraform.structure.village.plains.PlainsVillageFountainPopulator at 310 0 -157 in a room of size 8x9 
[2025-06-17 15:27:15] [INFO   ] Registered: org.terraform.structure.village.plains.PlainsVillagePondPopulator at 370 0 -154 in a room of size 8x9 
[2025-06-17 15:27:15] [INFO   ] Registered: org.terraform.structure.village.plains.PlainsVillageStandardHousePopulator at 365 0 -178 in a room of size 18x18 
[2025-06-17 15:27:26] [INFO   ] Large Cave at -704,8,-192 has water level > -22 with populator LargeLushCavePopulator 
[2025-06-17 15:27:26] [INFO   ] Spawning ancient city at: -704,-16,-704 
[2025-06-17 15:27:26] [INFO   ] Registered: org.terraform.structure.ancientcity.AncientCitySchematicPlatform at -656 -16 -752 in a room of size 20x22 
[2025-06-17 15:27:26] [INFO   ] Registered: org.terraform.structure.ancientcity.AncientCitySchematicPlatform at -695 -16 -736 in a room of size 23x23 
[2025-06-17 15:27:26] [INFO   ] Registered: org.terraform.structure.ancientcity.AncientCityAltarPopulator at -711 -16 -660 in a room of size 17x21 
[2025-06-17 15:27:26] [INFO   ] Registered: org.terraform.structure.ancientcity.AncientCityAltarPopulator at -756 -16 -670 in a room of size 21x20 
[2025-06-17 15:27:26] [INFO   ] Registered: org.terraform.structure.ancientcity.AncientCityCenterPlatformPopulator at -696 -16 -696 in a room of size 46x46 
[2025-06-17 15:27:26] [INFO   ] Registered: org.terraform.structure.ancientcity.AncientCityRuinsPlatform at -760 -16 -731 in a room of size 19x23 
[2025-06-17 15:27:26] [INFO   ] Registered: org.terraform.structure.ancientcity.AncientCityRuinsPlatform at -659 -16 -647 in a room of size 16x24 
[2025-06-17 15:27:26] [INFO   ] Registered: org.terraform.structure.ancientcity.AncientCityAltarPopulator at -649 -16 -690 in a room of size 23x19 
[2025-06-17 15:27:26] [INFO   ] Registered: org.terraform.structure.ancientcity.AncientCitySchematicPlatform at -745 -16 -699 in a room of size 19x22 
[2025-06-17 15:27:26] [INFO   ] Registered: org.terraform.structure.ancientcity.AncientCitySchematicPlatform at -731 -16 -743 in a room of size 22x22 
[2025-06-17 15:27:36] [INFO   ] Registered: org.terraform.structure.mineshaft.ShaftRoomPopulator at -740 25 359 in a room of size 14x13 
[2025-06-17 15:27:36] [INFO   ] Registered: org.terraform.structure.mineshaft.CaveSpiderDenPopulator at -633 25 341 in a room of size 13x15 
[2025-06-17 15:27:36] [INFO   ] Registered: org.terraform.structure.mineshaft.CaveSpiderDenPopulator at -685 25 331 in a room of size 15x14 
[2025-06-17 15:27:36] [INFO   ] Registered: org.terraform.structure.mineshaft.SmeltingHallPopulator at -695 25 253 in a room of size 14x13 
[2025-06-17 15:27:36] [INFO   ] Registered: org.terraform.structure.mineshaft.ShaftRoomPopulator at -769 25 375 in a room of size 14x15 
[2025-06-17 15:27:36] [INFO   ] Registered: org.terraform.structure.mineshaft.SmeltingHallPopulator at -667 25 390 in a room of size 13x15 
[2025-06-17 15:27:36] [INFO   ] Registered: org.terraform.structure.mineshaft.SmeltingHallPopulator at -717 25 288 in a room of size 13x15 
[2025-06-17 15:27:36] [INFO   ] Registered: org.terraform.structure.mineshaft.CaveSpiderDenPopulator at -679 25 258 in a room of size 13x13 
[2025-06-17 15:27:36] [INFO   ] Registered: org.terraform.structure.mineshaft.SmeltingHallPopulator at -754 25 343 in a room of size 15x13 
[2025-06-17 15:27:36] [INFO   ] Registered: org.terraform.structure.mineshaft.CaveSpiderDenPopulator at -688 25 273 in a room of size 13x13 
[2025-06-17 15:27:36] [INFO   ] Registered: org.terraform.structure.mineshaft.ShaftTopPopulator at -769 40 375 in a room of size 14x7 
[2025-06-17 15:27:36] [INFO   ] Registered: org.terraform.structure.mineshaft.ShaftTopPopulator at -740 40 359 in a room of size 14x5 
[2025-06-17 15:27:36] [INFO   ] Registered: org.terraform.structure.mineshaft.CaveSpiderDenPopulator at -745 40 372 in a room of size 14x15 
[2025-06-17 15:27:36] [INFO   ] Registered: org.terraform.structure.mineshaft.CaveSpiderDenPopulator at -744 40 322 in a room of size 14x14 
[2025-06-17 15:27:36] [INFO   ] Registered: org.terraform.structure.mineshaft.CaveSpiderDenPopulator at -636 40 309 in a room of size 15x14 
[2025-06-17 15:27:36] [INFO   ] Registered: org.terraform.structure.mineshaft.SmeltingHallPopulator at -691 40 247 in a room of size 15x14 
[2025-06-17 15:27:36] [INFO   ] Registered: org.terraform.structure.mineshaft.SmeltingHallPopulator at -643 40 332 in a room of size 14x14 
[2025-06-17 15:27:36] [INFO   ] Spawning Creaking Heart at -373,73,-98 
[2025-06-17 15:27:36] [INFO   ] Spawning Creaking Heart at -348,72,-103 
[2025-06-17 15:27:36] [INFO   ] Spawning Creaking Heart at -350,70,-83 
[2025-06-17 15:27:37] [INFO   ] Spawning Creaking Heart at -332,68,-37 
[2025-06-17 15:27:37] [INFO   ] Spawning Creaking Heart at -292,68,-37 
[2025-06-17 15:27:38] [INFO   ] Spawning Creaking Heart at -274,73,-104 
[2025-06-17 15:27:41] [INFO   ] Generating org.terraform.structure.small.dungeon.SmallDungeonPopulator at chunk: -9,-27 
[2025-06-17 15:27:41] [INFO   ] Spawning Underground Dungeon at -129,10,-417 
[2025-06-17 15:27:46] [INFO   ] Spawning Creaking Heart at -364,77,166 
[2025-06-17 15:27:46] [INFO   ] Spawning Creaking Heart at -337,73,146 
[2025-06-17 15:27:46] [INFO   ] Spawning Creaking Heart at -295,75,165 
[2025-06-17 15:27:47] [INFO   ] Spawning Creaking Heart at -311,73,217 
[2025-06-17 15:27:47] [INFO   ] Spawning Creaking Heart at -357,76,206 
[2025-06-17 15:27:47] [INFO   ] Generating org.terraform.structure.small.buriedtreasure.BuriedTreasurePopulator at chunk: -24,12 
[2025-06-17 15:27:47] [INFO   ] Spawning Creaking Heart at -352,74,223 
[2025-06-17 15:27:47] [INFO   ] Spawning Creaking Heart at -372,68,237 
[2025-06-17 15:27:53] [INFO   ] Large Cave at -704,12,832 has water level > -31 with populator LargeLushCavePopulator 
[2025-06-17 15:27:59] [INFO   ] Generating org.terraform.structure.trialchamber.TrialChamberPopulator at chunk: -12,20 
[2025-06-17 16:19:25] [INFO   ]  Custom Logger Initialized 
[2025-06-17 16:19:25] [INFO   ] [NOTICE] TerraformGenerator will suppress the server's watchdog while generating chunks to prevent unnecessary stacktrace warnings. Unless you specifically need thewatchdog now (to take aikar timings or debug lag), you don't need to take any action. 
[2025-06-17 16:19:25] [INFO   ] It is recommended to pregenerate to reduce lag problems. 
[2025-06-17 16:19:25] [INFO   ] Watchdog Thread hooked. 
[2025-06-17 16:19:26] [INFO   ]  bStats Metrics enabled. 
[2025-06-17 16:19:26] [INFO   ]  Detected version: 1.21.4, number: 21.4 
[2025-06-17 16:19:26] [INFO   ] Unfreezing biome registry... 
[2025-06-17 16:19:26] [INFO   ] Registered custom biome: muddy_bog 
[2025-06-17 16:19:26] [INFO   ] Registered custom biome: cherry_grove 
[2025-06-17 16:19:26] [INFO   ] Registered custom biome: scarlet_forest 
[2025-06-17 16:19:26] [INFO   ] Registered custom biome: crystalline_cluster 
[2025-06-17 16:19:26] [INFO   ] Freezing biome registry 
[2025-06-17 16:19:26] [INFO   ] [Structure Registry] Registered Large Structure: VillageHousePopulator 
[2025-06-17 16:19:26] [INFO   ] [Structure Registry] Registered Large Structure: VillagePopulator 
[2025-06-17 16:19:26] [INFO   ] [Structure Registry] Registered Large Structure: OutpostPopulator 
[2025-06-17 16:19:26] [INFO   ] [Structure Registry] Registered Large Structure: PyramidPopulator 
[2025-06-17 16:19:26] [INFO   ] [Structure Registry] Registered Large Structure: MonumentPopulator 
[2025-06-17 16:19:26] [INFO   ] [Structure Registry] Registered Large Structure: StrongholdPopulator 
[2025-06-17 16:19:26] [INFO   ] [Structure Registry] Registered Large Structure: MansionPopulator 
[2025-06-17 16:19:26] [INFO   ] [Structure Registry] Registered Large Structure: AncientCityPopulator 
[2025-06-17 16:19:26] [INFO   ] [Structure Registry] Registered Large Structure: TrialChamberPopulator 
[2025-06-17 16:19:26] [INFO   ] [Structure Registry] Registered Large Structure: LargeCavePopulator 
[2025-06-17 16:19:26] [INFO   ] [Structure Registry] Registered Large Structure: MineshaftPopulator 
[2025-06-17 16:19:26] [INFO   ] [Structure Registry] Registered Large Structure: CatacombsPopulator 
[2025-06-17 16:19:26] [INFO   ] [Structure Registry] Registered Large Structure: BadlandsMinePopulator 
[2025-06-17 16:19:26] [INFO   ] [Structure Registry] Registered Large Structure: WarmOceanRuinsPopulator 
[2025-06-17 16:19:26] [INFO   ] [Structure Registry] Registered Large Structure: TrailRuinsPopulator 
[2025-06-17 16:19:26] [INFO   ] [Structure Registry] Registered Small Structure: SmallDungeonPopulator 
[2025-06-17 16:19:26] [INFO   ] [Structure Registry] Registered Small Structure: ShipwreckPopulator 
[2025-06-17 16:19:26] [INFO   ] [Structure Registry] Registered Small Structure: BuriedTreasurePopulator 
[2025-06-17 16:19:26] [INFO   ] [Structure Registry] Registered Small Structure: RuinedPortalPopulator 
[2025-06-17 16:19:26] [INFO   ] [Structure Registry] Registered Small Structure: IglooPopulator 
[2025-06-17 16:19:26] [INFO   ] [Structure Registry] Registered Small Structure: DesertWellPopulator 
[2025-06-17 16:19:26] [INFO   ] [Structure Registry] Registered Small Structure: WitchHutPopulator 
[2025-06-17 16:19:26] [INFO   ] Creating TW instance: world - 6901172448325251296 
[2025-06-17 16:19:26] [INFO   ]  Detected world: world, commencing injection...  
[2025-06-17 16:19:26] [INFO   ] Creating TW instance: world - 6901172448325251296 
[2025-06-17 16:19:26] [INFO   ] NMSChunkGenerator Delegate is of type CustomChunkGenerator 
[2025-06-17 16:19:26] [INFO   ] Post injection: getChunkSource().getChunkGenerator() is of type NMSChunkGenerator 
[2025-06-17 16:19:26] [INFO   ]  Injection success! Proceeding with generation. 
[2025-06-17 16:19:27] [INFO   ]  world loaded. 
[2025-06-17 16:36:03] [INFO   ]  Custom Logger Initialized 
[2025-06-17 16:36:03] [INFO   ] [NOTICE] TerraformGenerator will suppress the server's watchdog while generating chunks to prevent unnecessary stacktrace warnings. Unless you specifically need thewatchdog now (to take aikar timings or debug lag), you don't need to take any action. 
[2025-06-17 16:36:03] [INFO   ] It is recommended to pregenerate to reduce lag problems. 
[2025-06-17 16:36:03] [INFO   ] Watchdog Thread hooked. 
[2025-06-17 16:36:03] [INFO   ]  bStats Metrics enabled. 
[2025-06-17 16:36:03] [INFO   ]  Detected version: 1.21.4, number: 21.4 
[2025-06-17 16:36:03] [INFO   ] Unfreezing biome registry... 
[2025-06-17 16:36:03] [INFO   ] Registered custom biome: muddy_bog 
[2025-06-17 16:36:03] [INFO   ] Registered custom biome: cherry_grove 
[2025-06-17 16:36:03] [INFO   ] Registered custom biome: scarlet_forest 
[2025-06-17 16:36:03] [INFO   ] Registered custom biome: crystalline_cluster 
[2025-06-17 16:36:03] [INFO   ] Freezing biome registry 
[2025-06-17 16:36:03] [INFO   ] [Structure Registry] Registered Large Structure: VillageHousePopulator 
[2025-06-17 16:36:03] [INFO   ] [Structure Registry] Registered Large Structure: VillagePopulator 
[2025-06-17 16:36:03] [INFO   ] [Structure Registry] Registered Large Structure: OutpostPopulator 
[2025-06-17 16:36:03] [INFO   ] [Structure Registry] Registered Large Structure: PyramidPopulator 
[2025-06-17 16:36:03] [INFO   ] [Structure Registry] Registered Large Structure: MonumentPopulator 
[2025-06-17 16:36:03] [INFO   ] [Structure Registry] Registered Large Structure: StrongholdPopulator 
[2025-06-17 16:36:03] [INFO   ] [Structure Registry] Registered Large Structure: MansionPopulator 
[2025-06-17 16:36:03] [INFO   ] [Structure Registry] Registered Large Structure: AncientCityPopulator 
[2025-06-17 16:36:03] [INFO   ] [Structure Registry] Registered Large Structure: TrialChamberPopulator 
[2025-06-17 16:36:03] [INFO   ] [Structure Registry] Registered Large Structure: LargeCavePopulator 
[2025-06-17 16:36:03] [INFO   ] [Structure Registry] Registered Large Structure: MineshaftPopulator 
[2025-06-17 16:36:03] [INFO   ] [Structure Registry] Registered Large Structure: CatacombsPopulator 
[2025-06-17 16:36:03] [INFO   ] [Structure Registry] Registered Large Structure: BadlandsMinePopulator 
[2025-06-17 16:36:03] [INFO   ] [Structure Registry] Registered Large Structure: WarmOceanRuinsPopulator 
[2025-06-17 16:36:03] [INFO   ] [Structure Registry] Registered Large Structure: TrailRuinsPopulator 
[2025-06-17 16:36:03] [INFO   ] [Structure Registry] Registered Small Structure: SmallDungeonPopulator 
[2025-06-17 16:36:03] [INFO   ] [Structure Registry] Registered Small Structure: ShipwreckPopulator 
[2025-06-17 16:36:03] [INFO   ] [Structure Registry] Registered Small Structure: BuriedTreasurePopulator 
[2025-06-17 16:36:03] [INFO   ] [Structure Registry] Registered Small Structure: RuinedPortalPopulator 
[2025-06-17 16:36:03] [INFO   ] [Structure Registry] Registered Small Structure: IglooPopulator 
[2025-06-17 16:36:03] [INFO   ] [Structure Registry] Registered Small Structure: DesertWellPopulator 
[2025-06-17 16:36:03] [INFO   ] [Structure Registry] Registered Small Structure: WitchHutPopulator 
[2025-06-17 16:36:03] [INFO   ] Creating TW instance: world - 6901172448325251296 
[2025-06-17 16:36:03] [INFO   ]  Detected world: world, commencing injection...  
[2025-06-17 16:36:03] [INFO   ] Creating TW instance: world - 6901172448325251296 
[2025-06-17 16:36:04] [INFO   ] NMSChunkGenerator Delegate is of type CustomChunkGenerator 
[2025-06-17 16:36:04] [INFO   ] Post injection: getChunkSource().getChunkGenerator() is of type NMSChunkGenerator 
[2025-06-17 16:36:04] [INFO   ]  Injection success! Proceeding with generation. 
[2025-06-17 16:36:05] [INFO   ]  world loaded. 
[2025-06-18 12:16:44] [INFO   ]  Custom Logger Initialized 
[2025-06-18 12:16:44] [INFO   ] [NOTICE] TerraformGenerator will suppress the server's watchdog while generating chunks to prevent unnecessary stacktrace warnings. Unless you specifically need thewatchdog now (to take aikar timings or debug lag), you don't need to take any action. 
[2025-06-18 12:16:44] [INFO   ] It is recommended to pregenerate to reduce lag problems. 
[2025-06-18 12:16:44] [INFO   ] Watchdog Thread hooked. 
[2025-06-18 12:16:44] [INFO   ]  bStats Metrics enabled. 
[2025-06-18 12:16:44] [INFO   ]  Detected version: 1.21.4, number: 21.4 
[2025-06-18 12:16:44] [INFO   ] Unfreezing biome registry... 
[2025-06-18 12:16:44] [INFO   ] Registered custom biome: muddy_bog 
[2025-06-18 12:16:44] [INFO   ] Registered custom biome: cherry_grove 
[2025-06-18 12:16:44] [INFO   ] Registered custom biome: scarlet_forest 
[2025-06-18 12:16:44] [INFO   ] Registered custom biome: crystalline_cluster 
[2025-06-18 12:16:44] [INFO   ] Freezing biome registry 
[2025-06-18 12:16:45] [INFO   ] [Structure Registry] Registered Large Structure: VillageHousePopulator 
[2025-06-18 12:16:45] [INFO   ] [Structure Registry] Registered Large Structure: VillagePopulator 
[2025-06-18 12:16:45] [INFO   ] [Structure Registry] Registered Large Structure: OutpostPopulator 
[2025-06-18 12:16:45] [INFO   ] [Structure Registry] Registered Large Structure: PyramidPopulator 
[2025-06-18 12:16:45] [INFO   ] [Structure Registry] Registered Large Structure: MonumentPopulator 
[2025-06-18 12:16:45] [INFO   ] [Structure Registry] Registered Large Structure: StrongholdPopulator 
[2025-06-18 12:16:45] [INFO   ] [Structure Registry] Registered Large Structure: MansionPopulator 
[2025-06-18 12:16:45] [INFO   ] [Structure Registry] Registered Large Structure: AncientCityPopulator 
[2025-06-18 12:16:45] [INFO   ] [Structure Registry] Registered Large Structure: TrialChamberPopulator 
[2025-06-18 12:16:45] [INFO   ] [Structure Registry] Registered Large Structure: LargeCavePopulator 
[2025-06-18 12:16:45] [INFO   ] [Structure Registry] Registered Large Structure: MineshaftPopulator 
[2025-06-18 12:16:45] [INFO   ] [Structure Registry] Registered Large Structure: CatacombsPopulator 
[2025-06-18 12:16:45] [INFO   ] [Structure Registry] Registered Large Structure: BadlandsMinePopulator 
[2025-06-18 12:16:45] [INFO   ] [Structure Registry] Registered Large Structure: WarmOceanRuinsPopulator 
[2025-06-18 12:16:45] [INFO   ] [Structure Registry] Registered Large Structure: TrailRuinsPopulator 
[2025-06-18 12:16:45] [INFO   ] [Structure Registry] Registered Small Structure: SmallDungeonPopulator 
[2025-06-18 12:16:45] [INFO   ] [Structure Registry] Registered Small Structure: ShipwreckPopulator 
[2025-06-18 12:16:45] [INFO   ] [Structure Registry] Registered Small Structure: BuriedTreasurePopulator 
[2025-06-18 12:16:45] [INFO   ] [Structure Registry] Registered Small Structure: RuinedPortalPopulator 
[2025-06-18 12:16:45] [INFO   ] [Structure Registry] Registered Small Structure: IglooPopulator 
[2025-06-18 12:16:45] [INFO   ] [Structure Registry] Registered Small Structure: DesertWellPopulator 
[2025-06-18 12:16:45] [INFO   ] [Structure Registry] Registered Small Structure: WitchHutPopulator 
[2025-06-18 12:45:27] [INFO   ]  Custom Logger Initialized 
[2025-06-18 12:45:27] [INFO   ] [NOTICE] TerraformGenerator will suppress the server's watchdog while generating chunks to prevent unnecessary stacktrace warnings. Unless you specifically need thewatchdog now (to take aikar timings or debug lag), you don't need to take any action. 
[2025-06-18 12:45:27] [INFO   ] It is recommended to pregenerate to reduce lag problems. 
[2025-06-18 12:45:27] [INFO   ] Watchdog Thread hooked. 
[2025-06-18 12:45:27] [INFO   ]  bStats Metrics enabled. 
[2025-06-18 12:45:27] [INFO   ]  Detected version: 1.21.4, number: 21.4 
[2025-06-18 12:45:27] [INFO   ] Unfreezing biome registry... 
[2025-06-18 12:45:27] [INFO   ] Registered custom biome: muddy_bog 
[2025-06-18 12:45:27] [INFO   ] Registered custom biome: cherry_grove 
[2025-06-18 12:45:27] [INFO   ] Registered custom biome: scarlet_forest 
[2025-06-18 12:45:27] [INFO   ] Registered custom biome: crystalline_cluster 
[2025-06-18 12:45:27] [INFO   ] Freezing biome registry 
[2025-06-18 12:45:27] [INFO   ] [Structure Registry] Registered Large Structure: VillageHousePopulator 
[2025-06-18 12:45:27] [INFO   ] [Structure Registry] Registered Large Structure: VillagePopulator 
[2025-06-18 12:45:27] [INFO   ] [Structure Registry] Registered Large Structure: OutpostPopulator 
[2025-06-18 12:45:27] [INFO   ] [Structure Registry] Registered Large Structure: PyramidPopulator 
[2025-06-18 12:45:27] [INFO   ] [Structure Registry] Registered Large Structure: MonumentPopulator 
[2025-06-18 12:45:27] [INFO   ] [Structure Registry] Registered Large Structure: StrongholdPopulator 
[2025-06-18 12:45:27] [INFO   ] [Structure Registry] Registered Large Structure: MansionPopulator 
[2025-06-18 12:45:27] [INFO   ] [Structure Registry] Registered Large Structure: AncientCityPopulator 
[2025-06-18 12:45:27] [INFO   ] [Structure Registry] Registered Large Structure: TrialChamberPopulator 
[2025-06-18 12:45:27] [INFO   ] [Structure Registry] Registered Large Structure: LargeCavePopulator 
[2025-06-18 12:45:27] [INFO   ] [Structure Registry] Registered Large Structure: MineshaftPopulator 
[2025-06-18 12:45:27] [INFO   ] [Structure Registry] Registered Large Structure: CatacombsPopulator 
[2025-06-18 12:45:27] [INFO   ] [Structure Registry] Registered Large Structure: BadlandsMinePopulator 
[2025-06-18 12:45:27] [INFO   ] [Structure Registry] Registered Large Structure: WarmOceanRuinsPopulator 
[2025-06-18 12:45:27] [INFO   ] [Structure Registry] Registered Large Structure: TrailRuinsPopulator 
[2025-06-18 12:45:27] [INFO   ] [Structure Registry] Registered Small Structure: SmallDungeonPopulator 
[2025-06-18 12:45:27] [INFO   ] [Structure Registry] Registered Small Structure: ShipwreckPopulator 
[2025-06-18 12:45:27] [INFO   ] [Structure Registry] Registered Small Structure: BuriedTreasurePopulator 
[2025-06-18 12:45:27] [INFO   ] [Structure Registry] Registered Small Structure: RuinedPortalPopulator 
[2025-06-18 12:45:27] [INFO   ] [Structure Registry] Registered Small Structure: IglooPopulator 
[2025-06-18 12:45:27] [INFO   ] [Structure Registry] Registered Small Structure: DesertWellPopulator 
[2025-06-18 12:45:27] [INFO   ] [Structure Registry] Registered Small Structure: WitchHutPopulator 
[2025-06-18 12:49:59] [INFO   ]  Custom Logger Initialized 
[2025-06-18 12:49:59] [INFO   ] [NOTICE] TerraformGenerator will suppress the server's watchdog while generating chunks to prevent unnecessary stacktrace warnings. Unless you specifically need thewatchdog now (to take aikar timings or debug lag), you don't need to take any action. 
[2025-06-18 12:49:59] [INFO   ] It is recommended to pregenerate to reduce lag problems. 
[2025-06-18 12:49:59] [INFO   ] Watchdog Thread hooked. 
[2025-06-18 12:49:59] [INFO   ]  bStats Metrics enabled. 
[2025-06-18 12:49:59] [INFO   ]  Detected version: 1.21.4, number: 21.4 
[2025-06-18 12:49:59] [INFO   ] Unfreezing biome registry... 
[2025-06-18 12:49:59] [INFO   ] Registered custom biome: muddy_bog 
[2025-06-18 12:49:59] [INFO   ] Registered custom biome: cherry_grove 
[2025-06-18 12:49:59] [INFO   ] Registered custom biome: scarlet_forest 
[2025-06-18 12:49:59] [INFO   ] Registered custom biome: crystalline_cluster 
[2025-06-18 12:49:59] [INFO   ] Freezing biome registry 
[2025-06-18 12:49:59] [INFO   ] [Structure Registry] Registered Large Structure: VillageHousePopulator 
[2025-06-18 12:49:59] [INFO   ] [Structure Registry] Registered Large Structure: VillagePopulator 
[2025-06-18 12:49:59] [INFO   ] [Structure Registry] Registered Large Structure: OutpostPopulator 
[2025-06-18 12:49:59] [INFO   ] [Structure Registry] Registered Large Structure: PyramidPopulator 
[2025-06-18 12:49:59] [INFO   ] [Structure Registry] Registered Large Structure: MonumentPopulator 
[2025-06-18 12:49:59] [INFO   ] [Structure Registry] Registered Large Structure: StrongholdPopulator 
[2025-06-18 12:49:59] [INFO   ] [Structure Registry] Registered Large Structure: MansionPopulator 
[2025-06-18 12:49:59] [INFO   ] [Structure Registry] Registered Large Structure: AncientCityPopulator 
[2025-06-18 12:49:59] [INFO   ] [Structure Registry] Registered Large Structure: TrialChamberPopulator 
[2025-06-18 12:49:59] [INFO   ] [Structure Registry] Registered Large Structure: LargeCavePopulator 
[2025-06-18 12:49:59] [INFO   ] [Structure Registry] Registered Large Structure: MineshaftPopulator 
[2025-06-18 12:49:59] [INFO   ] [Structure Registry] Registered Large Structure: CatacombsPopulator 
[2025-06-18 12:49:59] [INFO   ] [Structure Registry] Registered Large Structure: BadlandsMinePopulator 
[2025-06-18 12:49:59] [INFO   ] [Structure Registry] Registered Large Structure: WarmOceanRuinsPopulator 
[2025-06-18 12:49:59] [INFO   ] [Structure Registry] Registered Large Structure: TrailRuinsPopulator 
[2025-06-18 12:49:59] [INFO   ] [Structure Registry] Registered Small Structure: SmallDungeonPopulator 
[2025-06-18 12:49:59] [INFO   ] [Structure Registry] Registered Small Structure: ShipwreckPopulator 
[2025-06-18 12:49:59] [INFO   ] [Structure Registry] Registered Small Structure: BuriedTreasurePopulator 
[2025-06-18 12:49:59] [INFO   ] [Structure Registry] Registered Small Structure: RuinedPortalPopulator 
[2025-06-18 12:49:59] [INFO   ] [Structure Registry] Registered Small Structure: IglooPopulator 
[2025-06-18 12:49:59] [INFO   ] [Structure Registry] Registered Small Structure: DesertWellPopulator 
[2025-06-18 12:49:59] [INFO   ] [Structure Registry] Registered Small Structure: WitchHutPopulator 
[2025-06-18 12:53:10] [INFO   ]  Custom Logger Initialized 
[2025-06-18 12:53:10] [INFO   ] [NOTICE] TerraformGenerator will suppress the server's watchdog while generating chunks to prevent unnecessary stacktrace warnings. Unless you specifically need thewatchdog now (to take aikar timings or debug lag), you don't need to take any action. 
[2025-06-18 12:53:10] [INFO   ] It is recommended to pregenerate to reduce lag problems. 
[2025-06-18 12:53:10] [INFO   ] Watchdog Thread hooked. 
[2025-06-18 12:53:10] [INFO   ]  bStats Metrics enabled. 
[2025-06-18 12:53:10] [INFO   ]  Detected version: 1.21.4, number: 21.4 
[2025-06-18 12:53:10] [INFO   ] Unfreezing biome registry... 
[2025-06-18 12:53:10] [INFO   ] Registered custom biome: muddy_bog 
[2025-06-18 12:53:10] [INFO   ] Registered custom biome: cherry_grove 
[2025-06-18 12:53:10] [INFO   ] Registered custom biome: scarlet_forest 
[2025-06-18 12:53:10] [INFO   ] Registered custom biome: crystalline_cluster 
[2025-06-18 12:53:10] [INFO   ] Freezing biome registry 
[2025-06-18 12:53:10] [INFO   ] [Structure Registry] Registered Large Structure: VillageHousePopulator 
[2025-06-18 12:53:10] [INFO   ] [Structure Registry] Registered Large Structure: VillagePopulator 
[2025-06-18 12:53:10] [INFO   ] [Structure Registry] Registered Large Structure: OutpostPopulator 
[2025-06-18 12:53:10] [INFO   ] [Structure Registry] Registered Large Structure: PyramidPopulator 
[2025-06-18 12:53:10] [INFO   ] [Structure Registry] Registered Large Structure: MonumentPopulator 
[2025-06-18 12:53:10] [INFO   ] [Structure Registry] Registered Large Structure: StrongholdPopulator 
[2025-06-18 12:53:10] [INFO   ] [Structure Registry] Registered Large Structure: MansionPopulator 
[2025-06-18 12:53:10] [INFO   ] [Structure Registry] Registered Large Structure: AncientCityPopulator 
[2025-06-18 12:53:10] [INFO   ] [Structure Registry] Registered Large Structure: TrialChamberPopulator 
[2025-06-18 12:53:10] [INFO   ] [Structure Registry] Registered Large Structure: LargeCavePopulator 
[2025-06-18 12:53:10] [INFO   ] [Structure Registry] Registered Large Structure: MineshaftPopulator 
[2025-06-18 12:53:10] [INFO   ] [Structure Registry] Registered Large Structure: CatacombsPopulator 
[2025-06-18 12:53:10] [INFO   ] [Structure Registry] Registered Large Structure: BadlandsMinePopulator 
[2025-06-18 12:53:10] [INFO   ] [Structure Registry] Registered Large Structure: WarmOceanRuinsPopulator 
[2025-06-18 12:53:10] [INFO   ] [Structure Registry] Registered Large Structure: TrailRuinsPopulator 
[2025-06-18 12:53:10] [INFO   ] [Structure Registry] Registered Small Structure: SmallDungeonPopulator 
[2025-06-18 12:53:10] [INFO   ] [Structure Registry] Registered Small Structure: ShipwreckPopulator 
[2025-06-18 12:53:10] [INFO   ] [Structure Registry] Registered Small Structure: BuriedTreasurePopulator 
[2025-06-18 12:53:10] [INFO   ] [Structure Registry] Registered Small Structure: RuinedPortalPopulator 
[2025-06-18 12:53:10] [INFO   ] [Structure Registry] Registered Small Structure: IglooPopulator 
[2025-06-18 12:53:10] [INFO   ] [Structure Registry] Registered Small Structure: DesertWellPopulator 
[2025-06-18 12:53:10] [INFO   ] [Structure Registry] Registered Small Structure: WitchHutPopulator 
[2025-06-18 12:58:57] [INFO   ]  Custom Logger Initialized 
[2025-06-18 12:58:57] [INFO   ] [NOTICE] TerraformGenerator will suppress the server's watchdog while generating chunks to prevent unnecessary stacktrace warnings. Unless you specifically need thewatchdog now (to take aikar timings or debug lag), you don't need to take any action. 
[2025-06-18 12:58:57] [INFO   ] It is recommended to pregenerate to reduce lag problems. 
[2025-06-18 12:58:57] [INFO   ] Watchdog Thread hooked. 
[2025-06-18 12:58:57] [INFO   ]  bStats Metrics enabled. 
[2025-06-18 12:58:57] [INFO   ]  Detected version: 1.21.4, number: 21.4 
[2025-06-18 12:58:57] [INFO   ] Unfreezing biome registry... 
[2025-06-18 12:58:57] [INFO   ] Registered custom biome: muddy_bog 
[2025-06-18 12:58:57] [INFO   ] Registered custom biome: cherry_grove 
[2025-06-18 12:58:57] [INFO   ] Registered custom biome: scarlet_forest 
[2025-06-18 12:58:57] [INFO   ] Registered custom biome: crystalline_cluster 
[2025-06-18 12:58:57] [INFO   ] Freezing biome registry 
[2025-06-18 12:58:57] [INFO   ] [Structure Registry] Registered Large Structure: VillageHousePopulator 
[2025-06-18 12:58:57] [INFO   ] [Structure Registry] Registered Large Structure: VillagePopulator 
[2025-06-18 12:58:57] [INFO   ] [Structure Registry] Registered Large Structure: OutpostPopulator 
[2025-06-18 12:58:57] [INFO   ] [Structure Registry] Registered Large Structure: PyramidPopulator 
[2025-06-18 12:58:57] [INFO   ] [Structure Registry] Registered Large Structure: MonumentPopulator 
[2025-06-18 12:58:57] [INFO   ] [Structure Registry] Registered Large Structure: StrongholdPopulator 
[2025-06-18 12:58:57] [INFO   ] [Structure Registry] Registered Large Structure: MansionPopulator 
[2025-06-18 12:58:57] [INFO   ] [Structure Registry] Registered Large Structure: AncientCityPopulator 
[2025-06-18 12:58:57] [INFO   ] [Structure Registry] Registered Large Structure: TrialChamberPopulator 
[2025-06-18 12:58:57] [INFO   ] [Structure Registry] Registered Large Structure: LargeCavePopulator 
[2025-06-18 12:58:57] [INFO   ] [Structure Registry] Registered Large Structure: MineshaftPopulator 
[2025-06-18 12:58:57] [INFO   ] [Structure Registry] Registered Large Structure: CatacombsPopulator 
[2025-06-18 12:58:57] [INFO   ] [Structure Registry] Registered Large Structure: BadlandsMinePopulator 
[2025-06-18 12:58:57] [INFO   ] [Structure Registry] Registered Large Structure: WarmOceanRuinsPopulator 
[2025-06-18 12:58:57] [INFO   ] [Structure Registry] Registered Large Structure: TrailRuinsPopulator 
[2025-06-18 12:58:57] [INFO   ] [Structure Registry] Registered Small Structure: SmallDungeonPopulator 
[2025-06-18 12:58:57] [INFO   ] [Structure Registry] Registered Small Structure: ShipwreckPopulator 
[2025-06-18 12:58:57] [INFO   ] [Structure Registry] Registered Small Structure: BuriedTreasurePopulator 
[2025-06-18 12:58:57] [INFO   ] [Structure Registry] Registered Small Structure: RuinedPortalPopulator 
[2025-06-18 12:58:57] [INFO   ] [Structure Registry] Registered Small Structure: IglooPopulator 
[2025-06-18 12:58:57] [INFO   ] [Structure Registry] Registered Small Structure: DesertWellPopulator 
[2025-06-18 12:58:57] [INFO   ] [Structure Registry] Registered Small Structure: WitchHutPopulator 
[2025-06-19 10:00:12] [INFO   ]  Custom Logger Initialized 
[2025-06-19 10:00:12] [INFO   ] [NOTICE] TerraformGenerator will suppress the server's watchdog while generating chunks to prevent unnecessary stacktrace warnings. Unless you specifically need thewatchdog now (to take aikar timings or debug lag), you don't need to take any action. 
[2025-06-19 10:00:12] [INFO   ] It is recommended to pregenerate to reduce lag problems. 
[2025-06-19 10:00:12] [INFO   ] Watchdog Thread hooked. 
[2025-06-19 10:00:12] [INFO   ]  bStats Metrics enabled. 
[2025-06-19 10:00:12] [INFO   ]  Detected version: 1.21.4, number: 21.4 
[2025-06-19 10:00:12] [INFO   ] Unfreezing biome registry... 
[2025-06-19 10:00:12] [INFO   ] Registered custom biome: muddy_bog 
[2025-06-19 10:00:12] [INFO   ] Registered custom biome: cherry_grove 
[2025-06-19 10:00:12] [INFO   ] Registered custom biome: scarlet_forest 
[2025-06-19 10:00:12] [INFO   ] Registered custom biome: crystalline_cluster 
[2025-06-19 10:00:12] [INFO   ] Freezing biome registry 
[2025-06-19 10:00:12] [INFO   ] [Structure Registry] Registered Large Structure: VillageHousePopulator 
[2025-06-19 10:00:12] [INFO   ] [Structure Registry] Registered Large Structure: VillagePopulator 
[2025-06-19 10:00:12] [INFO   ] [Structure Registry] Registered Large Structure: OutpostPopulator 
[2025-06-19 10:00:12] [INFO   ] [Structure Registry] Registered Large Structure: PyramidPopulator 
[2025-06-19 10:00:12] [INFO   ] [Structure Registry] Registered Large Structure: MonumentPopulator 
[2025-06-19 10:00:12] [INFO   ] [Structure Registry] Registered Large Structure: StrongholdPopulator 
[2025-06-19 10:00:12] [INFO   ] [Structure Registry] Registered Large Structure: MansionPopulator 
[2025-06-19 10:00:12] [INFO   ] [Structure Registry] Registered Large Structure: AncientCityPopulator 
[2025-06-19 10:00:12] [INFO   ] [Structure Registry] Registered Large Structure: TrialChamberPopulator 
[2025-06-19 10:00:12] [INFO   ] [Structure Registry] Registered Large Structure: LargeCavePopulator 
[2025-06-19 10:00:12] [INFO   ] [Structure Registry] Registered Large Structure: MineshaftPopulator 
[2025-06-19 10:00:12] [INFO   ] [Structure Registry] Registered Large Structure: CatacombsPopulator 
[2025-06-19 10:00:12] [INFO   ] [Structure Registry] Registered Large Structure: BadlandsMinePopulator 
[2025-06-19 10:00:12] [INFO   ] [Structure Registry] Registered Large Structure: WarmOceanRuinsPopulator 
[2025-06-19 10:00:12] [INFO   ] [Structure Registry] Registered Large Structure: TrailRuinsPopulator 
[2025-06-19 10:00:12] [INFO   ] [Structure Registry] Registered Small Structure: SmallDungeonPopulator 
[2025-06-19 10:00:12] [INFO   ] [Structure Registry] Registered Small Structure: ShipwreckPopulator 
[2025-06-19 10:00:12] [INFO   ] [Structure Registry] Registered Small Structure: BuriedTreasurePopulator 
[2025-06-19 10:00:12] [INFO   ] [Structure Registry] Registered Small Structure: RuinedPortalPopulator 
[2025-06-19 10:00:12] [INFO   ] [Structure Registry] Registered Small Structure: IglooPopulator 
[2025-06-19 10:00:12] [INFO   ] [Structure Registry] Registered Small Structure: DesertWellPopulator 
[2025-06-19 10:00:12] [INFO   ] [Structure Registry] Registered Small Structure: WitchHutPopulator 
[2025-06-19 21:09:57] [INFO   ]  Custom Logger Initialized 
[2025-06-19 21:09:57] [INFO   ] [NOTICE] TerraformGenerator will suppress the server's watchdog while generating chunks to prevent unnecessary stacktrace warnings. Unless you specifically need thewatchdog now (to take aikar timings or debug lag), you don't need to take any action. 
[2025-06-19 21:09:57] [INFO   ] It is recommended to pregenerate to reduce lag problems. 
[2025-06-19 21:09:57] [INFO   ] Watchdog Thread hooked. 
[2025-06-19 21:09:57] [INFO   ]  bStats Metrics enabled. 
[2025-06-19 21:09:57] [INFO   ]  Detected version: 1.21.4, number: 21.4 
[2025-06-19 21:09:57] [INFO   ] Unfreezing biome registry... 
[2025-06-19 21:09:57] [INFO   ] Registered custom biome: muddy_bog 
[2025-06-19 21:09:57] [INFO   ] Registered custom biome: cherry_grove 
[2025-06-19 21:09:57] [INFO   ] Registered custom biome: scarlet_forest 
[2025-06-19 21:09:57] [INFO   ] Registered custom biome: crystalline_cluster 
[2025-06-19 21:09:57] [INFO   ] Freezing biome registry 
[2025-06-19 21:09:57] [INFO   ] [Structure Registry] Registered Large Structure: VillageHousePopulator 
[2025-06-19 21:09:57] [INFO   ] [Structure Registry] Registered Large Structure: VillagePopulator 
[2025-06-19 21:09:58] [INFO   ] [Structure Registry] Registered Large Structure: OutpostPopulator 
[2025-06-19 21:09:58] [INFO   ] [Structure Registry] Registered Large Structure: PyramidPopulator 
[2025-06-19 21:09:58] [INFO   ] [Structure Registry] Registered Large Structure: MonumentPopulator 
[2025-06-19 21:09:58] [INFO   ] [Structure Registry] Registered Large Structure: StrongholdPopulator 
[2025-06-19 21:09:58] [INFO   ] [Structure Registry] Registered Large Structure: MansionPopulator 
[2025-06-19 21:09:58] [INFO   ] [Structure Registry] Registered Large Structure: AncientCityPopulator 
[2025-06-19 21:09:58] [INFO   ] [Structure Registry] Registered Large Structure: TrialChamberPopulator 
[2025-06-19 21:09:58] [INFO   ] [Structure Registry] Registered Large Structure: LargeCavePopulator 
[2025-06-19 21:09:58] [INFO   ] [Structure Registry] Registered Large Structure: MineshaftPopulator 
[2025-06-19 21:09:58] [INFO   ] [Structure Registry] Registered Large Structure: CatacombsPopulator 
[2025-06-19 21:09:58] [INFO   ] [Structure Registry] Registered Large Structure: BadlandsMinePopulator 
[2025-06-19 21:09:58] [INFO   ] [Structure Registry] Registered Large Structure: WarmOceanRuinsPopulator 
[2025-06-19 21:09:58] [INFO   ] [Structure Registry] Registered Large Structure: TrailRuinsPopulator 
[2025-06-19 21:09:58] [INFO   ] [Structure Registry] Registered Small Structure: SmallDungeonPopulator 
[2025-06-19 21:09:58] [INFO   ] [Structure Registry] Registered Small Structure: ShipwreckPopulator 
[2025-06-19 21:09:58] [INFO   ] [Structure Registry] Registered Small Structure: BuriedTreasurePopulator 
[2025-06-19 21:09:58] [INFO   ] [Structure Registry] Registered Small Structure: RuinedPortalPopulator 
[2025-06-19 21:09:58] [INFO   ] [Structure Registry] Registered Small Structure: IglooPopulator 
[2025-06-19 21:09:58] [INFO   ] [Structure Registry] Registered Small Structure: DesertWellPopulator 
[2025-06-19 21:09:58] [INFO   ] [Structure Registry] Registered Small Structure: WitchHutPopulator 
[2025-06-19 21:23:58] [INFO   ]  Custom Logger Initialized 
[2025-06-19 21:23:58] [INFO   ] [NOTICE] TerraformGenerator will suppress the server's watchdog while generating chunks to prevent unnecessary stacktrace warnings. Unless you specifically need thewatchdog now (to take aikar timings or debug lag), you don't need to take any action. 
[2025-06-19 21:23:58] [INFO   ] It is recommended to pregenerate to reduce lag problems. 
[2025-06-19 21:23:58] [INFO   ] Watchdog Thread hooked. 
[2025-06-19 21:23:58] [INFO   ]  bStats Metrics enabled. 
[2025-06-19 21:23:58] [INFO   ]  Detected version: 1.21.4, number: 21.4 
[2025-06-19 21:23:58] [INFO   ] Unfreezing biome registry... 
[2025-06-19 21:23:58] [INFO   ] Registered custom biome: muddy_bog 
[2025-06-19 21:23:58] [INFO   ] Registered custom biome: cherry_grove 
[2025-06-19 21:23:58] [INFO   ] Registered custom biome: scarlet_forest 
[2025-06-19 21:23:58] [INFO   ] Registered custom biome: crystalline_cluster 
[2025-06-19 21:23:58] [INFO   ] Freezing biome registry 
[2025-06-19 21:23:58] [INFO   ] [Structure Registry] Registered Large Structure: VillageHousePopulator 
[2025-06-19 21:23:58] [INFO   ] [Structure Registry] Registered Large Structure: VillagePopulator 
[2025-06-19 21:23:58] [INFO   ] [Structure Registry] Registered Large Structure: OutpostPopulator 
[2025-06-19 21:23:58] [INFO   ] [Structure Registry] Registered Large Structure: PyramidPopulator 
[2025-06-19 21:23:58] [INFO   ] [Structure Registry] Registered Large Structure: MonumentPopulator 
[2025-06-19 21:23:58] [INFO   ] [Structure Registry] Registered Large Structure: StrongholdPopulator 
[2025-06-19 21:23:58] [INFO   ] [Structure Registry] Registered Large Structure: MansionPopulator 
[2025-06-19 21:23:58] [INFO   ] [Structure Registry] Registered Large Structure: AncientCityPopulator 
[2025-06-19 21:23:58] [INFO   ] [Structure Registry] Registered Large Structure: TrialChamberPopulator 
[2025-06-19 21:23:58] [INFO   ] [Structure Registry] Registered Large Structure: LargeCavePopulator 
[2025-06-19 21:23:58] [INFO   ] [Structure Registry] Registered Large Structure: MineshaftPopulator 
[2025-06-19 21:23:58] [INFO   ] [Structure Registry] Registered Large Structure: CatacombsPopulator 
[2025-06-19 21:23:58] [INFO   ] [Structure Registry] Registered Large Structure: BadlandsMinePopulator 
[2025-06-19 21:23:58] [INFO   ] [Structure Registry] Registered Large Structure: WarmOceanRuinsPopulator 
[2025-06-19 21:23:58] [INFO   ] [Structure Registry] Registered Large Structure: TrailRuinsPopulator 
[2025-06-19 21:23:58] [INFO   ] [Structure Registry] Registered Small Structure: SmallDungeonPopulator 
[2025-06-19 21:23:58] [INFO   ] [Structure Registry] Registered Small Structure: ShipwreckPopulator 
[2025-06-19 21:23:58] [INFO   ] [Structure Registry] Registered Small Structure: BuriedTreasurePopulator 
[2025-06-19 21:23:58] [INFO   ] [Structure Registry] Registered Small Structure: RuinedPortalPopulator 
[2025-06-19 21:23:58] [INFO   ] [Structure Registry] Registered Small Structure: IglooPopulator 
[2025-06-19 21:23:58] [INFO   ] [Structure Registry] Registered Small Structure: DesertWellPopulator 
[2025-06-19 21:23:58] [INFO   ] [Structure Registry] Registered Small Structure: WitchHutPopulator 
[2025-06-19 21:32:26] [INFO   ]  Custom Logger Initialized 
[2025-06-19 21:32:26] [INFO   ] [NOTICE] TerraformGenerator will suppress the server's watchdog while generating chunks to prevent unnecessary stacktrace warnings. Unless you specifically need thewatchdog now (to take aikar timings or debug lag), you don't need to take any action. 
[2025-06-19 21:32:26] [INFO   ] It is recommended to pregenerate to reduce lag problems. 
[2025-06-19 21:32:26] [INFO   ] Watchdog Thread hooked. 
[2025-06-19 21:32:26] [INFO   ]  bStats Metrics enabled. 
[2025-06-19 21:32:26] [INFO   ]  Detected version: 1.21.4, number: 21.4 
[2025-06-19 21:32:26] [INFO   ] Unfreezing biome registry... 
[2025-06-19 21:32:26] [INFO   ] Registered custom biome: muddy_bog 
[2025-06-19 21:32:26] [INFO   ] Registered custom biome: cherry_grove 
[2025-06-19 21:32:26] [INFO   ] Registered custom biome: scarlet_forest 
[2025-06-19 21:32:26] [INFO   ] Registered custom biome: crystalline_cluster 
[2025-06-19 21:32:26] [INFO   ] Freezing biome registry 
[2025-06-19 21:32:26] [INFO   ] [Structure Registry] Registered Large Structure: VillageHousePopulator 
[2025-06-19 21:32:26] [INFO   ] [Structure Registry] Registered Large Structure: VillagePopulator 
[2025-06-19 21:32:26] [INFO   ] [Structure Registry] Registered Large Structure: OutpostPopulator 
[2025-06-19 21:32:26] [INFO   ] [Structure Registry] Registered Large Structure: PyramidPopulator 
[2025-06-19 21:32:26] [INFO   ] [Structure Registry] Registered Large Structure: MonumentPopulator 
[2025-06-19 21:32:26] [INFO   ] [Structure Registry] Registered Large Structure: StrongholdPopulator 
[2025-06-19 21:32:26] [INFO   ] [Structure Registry] Registered Large Structure: MansionPopulator 
[2025-06-19 21:32:26] [INFO   ] [Structure Registry] Registered Large Structure: AncientCityPopulator 
[2025-06-19 21:32:26] [INFO   ] [Structure Registry] Registered Large Structure: TrialChamberPopulator 
[2025-06-19 21:32:26] [INFO   ] [Structure Registry] Registered Large Structure: LargeCavePopulator 
[2025-06-19 21:32:26] [INFO   ] [Structure Registry] Registered Large Structure: MineshaftPopulator 
[2025-06-19 21:32:26] [INFO   ] [Structure Registry] Registered Large Structure: CatacombsPopulator 
[2025-06-19 21:32:26] [INFO   ] [Structure Registry] Registered Large Structure: BadlandsMinePopulator 
[2025-06-19 21:32:26] [INFO   ] [Structure Registry] Registered Large Structure: WarmOceanRuinsPopulator 
[2025-06-19 21:32:26] [INFO   ] [Structure Registry] Registered Large Structure: TrailRuinsPopulator 
[2025-06-19 21:32:26] [INFO   ] [Structure Registry] Registered Small Structure: SmallDungeonPopulator 
[2025-06-19 21:32:26] [INFO   ] [Structure Registry] Registered Small Structure: ShipwreckPopulator 
[2025-06-19 21:32:26] [INFO   ] [Structure Registry] Registered Small Structure: BuriedTreasurePopulator 
[2025-06-19 21:32:26] [INFO   ] [Structure Registry] Registered Small Structure: RuinedPortalPopulator 
[2025-06-19 21:32:26] [INFO   ] [Structure Registry] Registered Small Structure: IglooPopulator 
[2025-06-19 21:32:26] [INFO   ] [Structure Registry] Registered Small Structure: DesertWellPopulator 
[2025-06-19 21:32:26] [INFO   ] [Structure Registry] Registered Small Structure: WitchHutPopulator 
[2025-06-19 21:59:35] [INFO   ]  Custom Logger Initialized 
[2025-06-19 21:59:35] [INFO   ] [NOTICE] TerraformGenerator will suppress the server's watchdog while generating chunks to prevent unnecessary stacktrace warnings. Unless you specifically need thewatchdog now (to take aikar timings or debug lag), you don't need to take any action. 
[2025-06-19 21:59:35] [INFO   ] It is recommended to pregenerate to reduce lag problems. 
[2025-06-19 21:59:35] [INFO   ] Watchdog Thread hooked. 
[2025-06-19 21:59:35] [INFO   ]  bStats Metrics enabled. 
[2025-06-19 21:59:35] [INFO   ]  Detected version: 1.21.4, number: 21.4 
[2025-06-19 21:59:35] [INFO   ] Unfreezing biome registry... 
[2025-06-19 21:59:35] [INFO   ] Registered custom biome: muddy_bog 
[2025-06-19 21:59:35] [INFO   ] Registered custom biome: cherry_grove 
[2025-06-19 21:59:35] [INFO   ] Registered custom biome: scarlet_forest 
[2025-06-19 21:59:35] [INFO   ] Registered custom biome: crystalline_cluster 
[2025-06-19 21:59:35] [INFO   ] Freezing biome registry 
[2025-06-19 21:59:35] [INFO   ] [Structure Registry] Registered Large Structure: VillageHousePopulator 
[2025-06-19 21:59:35] [INFO   ] [Structure Registry] Registered Large Structure: VillagePopulator 
[2025-06-19 21:59:35] [INFO   ] [Structure Registry] Registered Large Structure: OutpostPopulator 
[2025-06-19 21:59:35] [INFO   ] [Structure Registry] Registered Large Structure: PyramidPopulator 
[2025-06-19 21:59:35] [INFO   ] [Structure Registry] Registered Large Structure: MonumentPopulator 
[2025-06-19 21:59:35] [INFO   ] [Structure Registry] Registered Large Structure: StrongholdPopulator 
[2025-06-19 21:59:35] [INFO   ] [Structure Registry] Registered Large Structure: MansionPopulator 
[2025-06-19 21:59:35] [INFO   ] [Structure Registry] Registered Large Structure: AncientCityPopulator 
[2025-06-19 21:59:35] [INFO   ] [Structure Registry] Registered Large Structure: TrialChamberPopulator 
[2025-06-19 21:59:35] [INFO   ] [Structure Registry] Registered Large Structure: LargeCavePopulator 
[2025-06-19 21:59:35] [INFO   ] [Structure Registry] Registered Large Structure: MineshaftPopulator 
[2025-06-19 21:59:35] [INFO   ] [Structure Registry] Registered Large Structure: CatacombsPopulator 
[2025-06-19 21:59:35] [INFO   ] [Structure Registry] Registered Large Structure: BadlandsMinePopulator 
[2025-06-19 21:59:35] [INFO   ] [Structure Registry] Registered Large Structure: WarmOceanRuinsPopulator 
[2025-06-19 21:59:35] [INFO   ] [Structure Registry] Registered Large Structure: TrailRuinsPopulator 
[2025-06-19 21:59:35] [INFO   ] [Structure Registry] Registered Small Structure: SmallDungeonPopulator 
[2025-06-19 21:59:35] [INFO   ] [Structure Registry] Registered Small Structure: ShipwreckPopulator 
[2025-06-19 21:59:35] [INFO   ] [Structure Registry] Registered Small Structure: BuriedTreasurePopulator 
[2025-06-19 21:59:35] [INFO   ] [Structure Registry] Registered Small Structure: RuinedPortalPopulator 
[2025-06-19 21:59:35] [INFO   ] [Structure Registry] Registered Small Structure: IglooPopulator 
[2025-06-19 21:59:35] [INFO   ] [Structure Registry] Registered Small Structure: DesertWellPopulator 
[2025-06-19 21:59:35] [INFO   ] [Structure Registry] Registered Small Structure: WitchHutPopulator 
[2025-06-19 22:03:14] [INFO   ] Creating TW instance: gama_alta - -311153547135682143 
[2025-06-19 22:03:14] [INFO   ]  Detected world: gama_alta, commencing injection...  
[2025-06-19 22:03:14] [INFO   ] Creating TW instance: gama_alta - -311153547135682143 
[2025-06-19 22:03:14] [INFO   ] NMSChunkGenerator Delegate is of type CustomChunkGenerator 
[2025-06-19 22:03:14] [INFO   ] Post injection: getChunkSource().getChunkGenerator() is of type NMSChunkGenerator 
[2025-06-19 22:03:14] [INFO   ]  Injection success! Proceeding with generation. 
[2025-06-19 22:03:14] [INFO   ] Will spawn stronghold at: CoordPair[x=46, z=1407] 
[2025-06-19 22:03:20] [INFO   ] Spawning CaveFluidClusterPopulator at 0,-10,0 
[2025-06-19 22:03:20] [INFO   ] Spawning MossyCavePopulator at 0,-10,1 
[2025-06-19 22:03:20] [INFO   ] Spawning DeepCavePopulator at 7,-33,0 
[2025-06-19 22:03:20] [INFO   ] Large Cave at 320,21,320 has water level > -16 with populator MushroomCavePopulator 
[2025-06-19 22:03:21] [INFO   ] Large Cave at -192,23,320 has water level > -13 with populator GenericLargeCavePopulator 
[2025-06-19 22:03:21] [INFO   ] Registered: org.terraform.structure.catacombs.CatacombsStairwayPopulator at 331 15 -200 in a room of size 8x7 
[2025-06-19 22:03:21] [INFO   ] Registered: org.terraform.structure.catacombs.CatacombsDripstoneCavern at 332 15 -174 in a room of size 8x10 
[2025-06-19 22:03:21] [INFO   ] Registered: org.terraform.structure.catacombs.CatacombsStairwayPopulator at 320 15 -205 in a room of size 7x8 
[2025-06-19 22:03:21] [INFO   ] Registered: org.terraform.structure.catacombs.CatacombsStairwayPopulator at 311 15 -200 in a room of size 10x7 
[2025-06-19 22:03:21] [INFO   ] Registered: org.terraform.structure.catacombs.CatacombsStandardPopulator at 318 15 -217 in a room of size 7x9 
[2025-06-19 22:03:21] [INFO   ] Registered: org.terraform.structure.catacombs.CatacombsSkeletonDungeonPopulator at 341 15 -181 in a room of size 9x7 
[2025-06-19 22:03:21] [INFO   ] Registered: org.terraform.structure.catacombs.CatacombsDripstoneCavern at 319 15 -183 in a room of size 7x9 
[2025-06-19 22:03:21] [INFO   ] Registered: org.terraform.structure.catacombs.CatacombsCasketRoomPopulator at 311 0 -173 in a room of size 10x7 
[2025-06-19 22:03:21] [INFO   ] Registered: org.terraform.structure.catacombs.CatacombsCasketRoomPopulator at 323 0 -215 in a room of size 9x8 
[2025-06-19 22:03:21] [INFO   ] Registered: org.terraform.structure.catacombs.CatacombsStairwayBasePopulator at 311 0 -200 in a room of size 10x10 
[2025-06-19 22:03:21] [INFO   ] Registered: org.terraform.structure.catacombs.CatacombsDripstoneBasinPopulator at 319 0 -183 in a room of size 7x8 
[2025-06-19 22:03:21] [INFO   ] Registered: org.terraform.structure.catacombs.CatacombsDripstoneBasinPopulator at 332 0 -174 in a room of size 8x7 
[2025-06-19 22:03:21] [INFO   ] Registered: org.terraform.structure.catacombs.CatacombsStairwayBasePopulator at 320 0 -205 in a room of size 7x5 
[2025-06-19 22:03:21] [INFO   ] Registered: org.terraform.structure.catacombs.CatacombsStairwayBasePopulator at 331 0 -200 in a room of size 8x9 
[2025-06-19 22:03:21] [INFO   ] Registered: org.terraform.structure.catacombs.CatacombsCasketRoomPopulator at 306 0 -182 in a room of size 7x9 
[2025-06-19 22:03:23] [INFO   ] Spawning DripstoneClusterCavePopulator at 0,-28,64 
[2025-06-19 22:03:23] [INFO   ] Spawning LushClusterCavePopulator at -64,-10,0 
[2025-06-19 22:03:24] [INFO   ]  gama_alta loaded. 
[2025-06-19 22:03:25] [INFO   ] -204,116 will spawn a vanilla structure, with tryGenerateStructure == true 
[2025-06-19 22:03:25] [INFO   ] Large Cave at -4800,21,320 has water level > -14 with populator GenericLargeCavePopulator 
[2025-06-19 22:03:25] [INFO   ] Spawning ancient city at: -4288,-14,3392 
[2025-06-19 22:03:25] [INFO   ] Registered: org.terraform.structure.ancientcity.AncientCitySchematicPlatform at -4248 -14 3332 in a room of size 22x21 
[2025-06-19 22:03:25] [INFO   ] Registered: org.terraform.structure.ancientcity.AncientCityAltarPopulator at -4281 -14 3348 in a room of size 21x24 
[2025-06-19 22:03:25] [INFO   ] Registered: org.terraform.structure.ancientcity.AncientCityAltarPopulator at -4280 -14 3440 in a room of size 25x24 
[2025-06-19 22:03:25] [INFO   ] Registered: org.terraform.structure.ancientcity.AncientCityRuinsPlatform at -4343 -14 3388 in a room of size 24x17 
[2025-06-19 22:03:25] [INFO   ] Registered: org.terraform.structure.ancientcity.AncientCitySchematicPlatform at -4230 -14 3387 in a room of size 22x21 
[2025-06-19 22:03:25] [INFO   ] Registered: org.terraform.structure.ancientcity.AncientCitySchematicPlatform at -4340 -14 3356 in a room of size 17x22 
[2025-06-19 22:03:25] [INFO   ] Registered: org.terraform.structure.ancientcity.AncientCitySchematicPlatform at -4229 -14 3436 in a room of size 18x18 
[2025-06-19 22:03:25] [INFO   ] Registered: org.terraform.structure.ancientcity.AncientCityLargePillarRoomPopulator at -4309 -14 3358 in a room of size 19x16 
[2025-06-19 22:03:25] [INFO   ] Registered: org.terraform.structure.ancientcity.AncientCityAltarPopulator at -4319 -14 3434 in a room of size 22x19 
[2025-06-19 22:03:25] [INFO   ] Registered: org.terraform.structure.ancientcity.AncientCityAltarPopulator at -4234 -14 3409 in a room of size 17x22 
[2025-06-19 22:03:25] [INFO   ] Registered: org.terraform.structure.ancientcity.AncientCitySchematicPlatform at -4251 -14 3366 in a room of size 25x21 
[2025-06-19 22:03:25] [INFO   ] Registered: org.terraform.structure.ancientcity.AncientCityAltarPopulator at -4340 -14 3412 in a room of size 24x19 
[2025-06-19 22:03:25] [INFO   ] Registered: org.terraform.structure.ancientcity.AncientCityCenterPlatformPopulator at -4280 -14 3400 in a room of size 46x46 
[2025-06-19 22:03:26] [INFO   ] Spawning CrystallineClusterCavePopulator at -4902,35,172 
[2025-06-19 22:04:15] [INFO   ] Generating org.terraform.structure.small.dungeon.SmallDungeonPopulator at chunk: 4,-7 
[2025-06-19 22:04:15] [INFO   ] Spawning Underground Dungeon at 70,25,-98 
[2025-06-19 22:04:25] [INFO   ] Spawning FrozenCavePopulator at 140,-17,172 
[2025-06-19 22:04:25] [INFO   ] Spawning Creaking Heart at 140,70,207 
[2025-06-19 22:04:27] [INFO   ] Generating org.terraform.structure.village.VillagePopulator at chunk: -12,-12 
[2025-06-19 22:04:27] [INFO   ] Spawning plains village at -192,50,-192 
[2025-06-19 22:04:28] [INFO   ] Registered: org.terraform.structure.village.plains.PlainsVillageTemplePopulator at -234 0 -217 in a room of size 20x19 
[2025-06-19 22:04:28] [INFO   ] Registered: org.terraform.structure.village.plains.PlainsVillageStandardHousePopulator at -183 0 -237 in a room of size 16x17 
[2025-06-19 22:04:28] [INFO   ] Registered: org.terraform.structure.village.plains.PlainsVillageForgePopulator at -206 0 -217 in a room of size 20x20 
[2025-06-19 22:04:28] [INFO   ] Registered: org.terraform.structure.village.plains.PlainsVillagePondPopulator at -199 0 -257 in a room of size 8x9 
[2025-06-19 22:04:28] [INFO   ] Registered: org.terraform.structure.village.plains.PlainsVillageStandardHousePopulator at -214 0 -273 in a room of size 20x16 
[2025-06-19 22:04:28] [INFO   ] Registered: org.terraform.structure.village.plains.PlainsVillageAnimalPenPopulator at -208 0 -245 in a room of size 20x16 
[2025-06-19 22:04:28] [INFO   ] Registered: org.terraform.structure.village.plains.PlainsVillageStandardHousePopulator at -171 0 -194 in a room of size 18x18 
[2025-06-19 22:04:28] [INFO   ] Registered: org.terraform.structure.village.plains.PlainsVillageStandardHousePopulator at -187 0 -216 in a room of size 19x18 
[2025-06-19 22:04:28] [INFO   ] Registered: org.terraform.structure.village.plains.PlainsVillageAnimalPenPopulator at -194 0 -273 in a room of size 17x17 
[2025-06-19 22:04:28] [INFO   ] Registered: org.terraform.structure.village.plains.PlainsVillageFountainPopulator at -187 0 -253 in a room of size 9x10 
[2025-06-19 22:04:28] [INFO   ] Registered: org.terraform.structure.village.plains.PlainsVillageStandardHousePopulator at -168 0 -215 in a room of size 18x16 
[2025-06-19 22:04:28] [INFO   ] Registered: org.terraform.structure.village.plains.PlainsVillageTownhallPopulator at -192 68 -192 in a room of size 24x24 
[2025-06-19 22:04:28] [INFO   ] Spawning farmhouse at -192,68,-192 with rotation of NORTH 
[2025-06-19 22:04:28] [INFO   ] Registered: org.terraform.structure.village.plains.PlainsVillageCropFarmPopulator at -220 0 -194 in a room of size 16x18 
[2025-06-19 22:05:08] [INFO   ] [Locate] Completed Locate task (38ms) 
[2025-06-19 22:05:08] [INFO   ] Generating org.terraform.structure.pillager.mansion.MansionPopulator at chunk: 180,276 
[2025-06-19 22:05:08] [INFO   ] Found problem piece. Attempting to replace with room. 
[2025-06-19 22:05:08] [INFO   ] Patched problem piece with new room. 
[2025-06-19 22:05:10] [INFO   ] MansionGrandStairwayPopulator generating at 2889,63,4434 
[2025-06-19 22:05:10] [INFO   ] MansionGroundLevelLibraryPopulator generating at 2889,63,4407 
[2025-06-19 22:05:10] [INFO   ] MansionGroundLevelWarroomPopulator generating at 2862,63,4407 
[2025-06-19 22:05:10] [INFO   ] MansionGroundLevelKitchenPopulator generating at 2862,63,4434 
[2025-06-19 22:05:10] [INFO   ] MansionGroundLevelBrewingRoomPopulator generating at 2871,63,4398 
[2025-06-19 22:05:10] [INFO   ] MansionGroundLevelMushroomFarmPopulator generating at 2853,63,4416 
[2025-06-19 22:05:10] [INFO   ] MansionGroundLevelDiningRoomPopulator generating at 2862,63,4425 
[2025-06-19 22:05:10] [INFO   ] MansionGroundLevelForgePopulator generating at 2871,63,4434 
[2025-06-19 22:05:10] [INFO   ] MansionGroundFloorHallwayPopulator generating at 2880,63,4416 
[2025-06-19 22:05:10] [INFO   ] MansionGroundFloorHallwayPopulator generating at 2907,63,4416 
[2025-06-19 22:05:10] [INFO   ] MansionGroundFloorHallwayPopulator generating at 2871,63,4452 
[2025-06-19 22:05:10] [INFO   ] MansionGroundFloorHallwayPopulator generating at 2916,63,4425 
[2025-06-19 22:05:10] [INFO   ] MansionGroundFloorHallwayPopulator generating at 2907,63,4434 
[2025-06-19 22:05:10] [INFO   ] MansionGroundFloorHallwayPopulator generating at 2889,63,4452 
[2025-06-19 22:05:10] [INFO   ] MansionGroundFloorHallwayPopulator generating at 2907,63,4425 
[2025-06-19 22:05:10] [INFO   ] MansionGroundFloorHallwayPopulator generating at 2844,63,4425 
[2025-06-19 22:05:10] [INFO   ] MansionGroundFloorHallwayPopulator generating at 2853,63,4434 
[2025-06-19 22:05:10] [INFO   ] MansionGroundFloorHallwayPopulator generating at 2880,63,4407 
[2025-06-19 22:05:10] [INFO   ] MansionGroundFloorHallwayPopulator generating at 2889,63,4398 
[2025-06-19 22:05:10] [INFO   ] MansionSecondFloorStudyPopulator generating at 2853,71,4425 
[2025-06-19 22:05:10] [INFO   ] MansionSecondFloorLoungePopulator generating at 2871,71,4416 
[2025-06-19 22:05:10] [INFO   ] MansionSecondFloorPianoRoomPopulator generating at 2871,71,4398 
[2025-06-19 22:05:10] [INFO   ] MansionSecondFloorPianoRoomPopulator generating at 2880,71,4398 
[2025-06-19 22:05:10] [INFO   ] MansionSecondFloorStoreroomPopulator generating at 2889,71,4407 
[2025-06-19 22:05:10] [INFO   ] MansionSecondFloorBunkPopulator generating at 2898,71,4416 
[2025-06-19 22:05:10] [INFO   ] MansionSecondFloorLoungePopulator generating at 2862,71,4407 
[2025-06-19 22:05:10] [INFO   ] MansionSecondFloorPianoRoomPopulator generating at 2871,71,4443 
[2025-06-19 22:05:10] [INFO   ] MansionSecondFloorStoreroomPopulator generating at 2880,71,4416 
[2025-06-19 22:05:10] [INFO   ] MansionSecondFloorBunkPopulator generating at 2907,71,4425 
[2025-06-19 22:05:10] [INFO   ] MansionSecondFloorHallwayPopulator generating at 2862,71,4443 
[2025-06-19 22:05:10] [INFO   ] MansionSecondFloorHallwayPopulator generating at 2871,71,4434 
[2025-06-19 22:05:10] [INFO   ] MansionSecondFloorHallwayPopulator generating at 2844,71,4425 
[2025-06-19 22:05:10] [INFO   ] MansionSecondFloorHallwayPopulator generating at 2853,71,4416 
[2025-06-19 22:05:10] [INFO   ] MansionSecondFloorHallwayPopulator generating at 2907,71,4434 
[2025-06-19 22:05:10] [INFO   ] MansionSecondFloorHallwayPopulator generating at 2889,71,4452 
[2025-06-19 22:05:10] [INFO   ] MansionSecondFloorHallwayPopulator generating at 2889,71,4398 
[2025-06-19 22:05:10] [INFO   ] Kitchen at 2862,63,4434 picking face: SOUTH 
[2025-06-19 22:05:10] [INFO   ] Piano at 2871,71,4443 picking face: NORTH 
[2025-06-19 22:05:10] [INFO   ] Lounge at 2862,71,4407 picking face: SOUTH 
[2025-06-19 22:05:10] [INFO   ] Piano at 2871,71,4398 picking face: SOUTH 
[2025-06-19 22:05:10] [INFO   ] Piano at 2880,71,4398 picking face: SOUTH 
[2025-06-19 22:05:10] [INFO   ] Lounge at 2871,71,4416 picking face: NORTH 
[2025-06-19 22:05:10] [INFO   ] Mansion spawned 85 vindicators and evokers 
[2025-06-19 22:05:10] [INFO   ] [Locate] [MansionPopulator] Located at X: 2880 Z: 4416 
[2025-06-19 22:07:59] [INFO   ] Falling back to NMS bee spawning (addEntity api not present) 
[2025-06-19 22:08:00] [INFO   ] Spawning ForestedMountainsCavePopulator at 2816,-28,4368 
[2025-06-19 22:08:02] [INFO   ] Spawning Creaking Heart at 2972,70,4337 
[2025-06-19 22:08:05] [INFO   ] Spawning Creaking Heart at 2933,65,4302 
[2025-06-19 22:08:06] [INFO   ] Spawning Creaking Heart at 2974,65,4304 
[2025-06-19 22:08:07] [INFO   ] Registered: org.terraform.structure.mineshaft.ShaftRoomPopulator at 2853 8 4963 in a room of size 14x14 
[2025-06-19 22:08:07] [INFO   ] Registered: org.terraform.structure.mineshaft.SmeltingHallPopulator at 2904 8 4951 in a room of size 13x14 
[2025-06-19 22:08:07] [INFO   ] Registered: org.terraform.structure.mineshaft.SmeltingHallPopulator at 2809 8 4923 in a room of size 13x13 
[2025-06-19 22:08:07] [INFO   ] Registered: org.terraform.structure.mineshaft.ShaftRoomPopulator at 2955 8 4875 in a room of size 13x13 
[2025-06-19 22:08:07] [INFO   ] Registered: org.terraform.structure.mineshaft.CaveSpiderDenPopulator at 2840 8 4924 in a room of size 14x14 
[2025-06-19 22:08:07] [INFO   ] Registered: org.terraform.structure.mineshaft.SmeltingHallPopulator at 2930 8 4970 in a room of size 15x13 
[2025-06-19 22:08:07] [INFO   ] Registered: org.terraform.structure.mineshaft.CaveSpiderDenPopulator at 2942 8 4866 in a room of size 14x15 
[2025-06-19 22:08:07] [INFO   ] Registered: org.terraform.structure.mineshaft.SmeltingHallPopulator at 2850 8 4987 in a room of size 13x14 
[2025-06-19 22:08:07] [INFO   ] Registered: org.terraform.structure.mineshaft.SmeltingHallPopulator at 2855 8 4872 in a room of size 15x14 
[2025-06-19 22:08:07] [INFO   ] Registered: org.terraform.structure.mineshaft.CaveSpiderDenPopulator at 2871 8 4925 in a room of size 13x15 
[2025-06-19 22:08:07] [INFO   ] Registered: org.terraform.structure.mineshaft.SmeltingHallPopulator at 2889 23 4973 in a room of size 14x14 
[2025-06-19 22:08:07] [INFO   ] Registered: org.terraform.structure.mineshaft.SmeltingHallPopulator at 2944 23 4973 in a room of size 14x13 
[2025-06-19 22:08:07] [INFO   ] Registered: org.terraform.structure.mineshaft.SmeltingHallPopulator at 2944 23 4935 in a room of size 15x14 
[2025-06-19 22:08:07] [INFO   ] Registered: org.terraform.structure.mineshaft.ShaftTopPopulator at 2853 23 4963 in a room of size 14x5 
[2025-06-19 22:08:07] [INFO   ] Registered: org.terraform.structure.mineshaft.CaveSpiderDenPopulator at 2939 23 4910 in a room of size 13x13 
[2025-06-19 22:08:07] [INFO   ] Registered: org.terraform.structure.mineshaft.CaveSpiderDenPopulator at 2877 23 4862 in a room of size 13x13 
[2025-06-19 22:08:07] [INFO   ] Registered: org.terraform.structure.mineshaft.CaveSpiderDenPopulator at 2830 23 4874 in a room of size 14x15 
[2025-06-19 22:08:07] [INFO   ] Registered: org.terraform.structure.mineshaft.ShaftTopPopulator at 2955 23 4875 in a room of size 13x5 
[2025-06-19 22:08:07] [INFO   ] Registered: org.terraform.structure.mineshaft.SmeltingHallPopulator at 2829 23 4853 in a room of size 14x15 
[2025-06-19 22:08:07] [INFO   ] Registered: org.terraform.structure.mineshaft.SmeltingHallPopulator at 2811 23 4941 in a room of size 15x15 
[2025-06-19 22:08:10] [INFO   ] Spawning Creaking Heart at 3022,69,4317 
[2025-06-19 22:08:11] [INFO   ] Spawning Creaking Heart at 2987,64,4272 
[2025-06-19 22:08:12] [INFO   ] Spawning Creaking Heart at 3047,70,4309 
[2025-06-19 22:08:12] [INFO   ] Spawning Creaking Heart at 3029,71,4297 
[2025-06-19 22:08:13] [INFO   ] Spawning Creaking Heart at 3004,61,4255 
[2025-06-19 22:08:17] [INFO   ] Spawning Creaking Heart at 2717,73,4632 
[2025-06-19 22:08:17] [INFO   ] Spawning Creaking Heart at 2690,72,4627 
[2025-06-19 22:08:17] [INFO   ] Spawning Creaking Heart at 2703,72,4628 
[2025-06-19 22:09:37] [INFO   ] Spawning Creaking Heart at 2687,75,4682 
[2025-06-19 22:11:32] [INFO   ] [Locate] Completed Locate task (86ms) 
[2025-06-19 22:11:32] [INFO   ] Generating org.terraform.structure.pyramid.PyramidPopulator at chunk: 244,84 
[2025-06-19 22:11:32] [INFO   ] Spawning Pyramid at: 3904,1344 
[2025-06-19 22:11:35] [INFO   ] Registered: org.terraform.structure.pyramid.CursedChamber at 3916 47 1314 in a room of size 13x15 
[2025-06-19 22:11:35] [INFO   ] Registered: org.terraform.structure.pyramid.CursedChamber at 3921 47 1374 in a room of size 11x10 
[2025-06-19 22:11:35] [INFO   ] Registered: org.terraform.structure.pyramid.CursedChamber at 3913 47 1334 in a room of size 12x12 
[2025-06-19 22:11:35] [INFO   ] Registered: org.terraform.structure.pyramid.GuardianChamberPopulator at 3906 47 1364 in a room of size 12x12 
[2025-06-19 22:11:35] [INFO   ] Registered: org.terraform.structure.pyramid.HuskTombPopulator at 3906 47 1347 in a room of size 11x12 
[2025-06-19 22:11:35] [INFO   ] Registered: org.terraform.structure.pyramid.CursedChamber at 3939 47 1334 in a room of size 10x12 
[2025-06-19 22:11:35] [INFO   ] Registered: org.terraform.structure.pyramid.CursedChamber at 3923 47 1349 in a room of size 10x14 
[2025-06-19 22:11:35] [INFO   ] Registered: org.terraform.structure.pyramid.CursedChamber at 3871 47 1317 in a room of size 14x12 
[2025-06-19 22:11:35] [INFO   ] Registered: org.terraform.structure.pyramid.SilverfishNestPopulator at 3936 47 1346 in a room of size 11x11 
[2025-06-19 22:11:35] [INFO   ] Registered: org.terraform.structure.pyramid.TrapChestChamberPopulator at 3889 47 1365 in a room of size 10x11 
[2025-06-19 22:11:35] [INFO   ] Registered: org.terraform.structure.pyramid.CryptRoom at 3936 47 1376 in a room of size 14x11 
[2025-06-19 22:11:35] [INFO   ] Registered: org.terraform.structure.pyramid.CursedChamber at 3878 47 1352 in a room of size 13x10 
[2025-06-19 22:11:35] [INFO   ] Registered: org.terraform.structure.pyramid.TrapChestChamberPopulator at 3892 47 1348 in a room of size 13x12 
[2025-06-19 22:11:35] [INFO   ] Registered: org.terraform.structure.pyramid.TrapChestChamberPopulator at 3869 47 1336 in a room of size 12x14 
[2025-06-19 22:11:35] [INFO   ] Registered: org.terraform.structure.pyramid.PyramidStairwayRoomPopulator at 3923 47 1336 in a room of size 5x5 
[2025-06-19 22:11:35] [INFO   ] Registered: org.terraform.structure.pyramid.TrapChestChamberPopulator at 3936 47 1365 in a room of size 15x10 
[2025-06-19 22:11:35] [INFO   ] Registered: org.terraform.structure.pyramid.CryptRoom at 3887 47 1376 in a room of size 13x11 
[2025-06-19 22:11:35] [INFO   ] Registered: org.terraform.structure.pyramid.PyramidStairwayRoomPopulator at 3881 47 1345 in a room of size 5x5 
[2025-06-19 22:11:35] [INFO   ] Registered: org.terraform.structure.pyramid.GuardianChamberPopulator at 3881 47 1337 in a room of size 12x10 
[2025-06-19 22:11:35] [INFO   ] Registered: org.terraform.structure.pyramid.TrapChestChamberPopulator at 3902 47 1312 in a room of size 13x11 
[2025-06-19 22:11:35] [INFO   ] Registered: org.terraform.structure.pyramid.PyramidStairwayRoomPopulator at 3918 47 1367 in a room of size 5x5 
[2025-06-19 22:11:35] [INFO   ] Registered: org.terraform.structure.pyramid.TrapChestChamberPopulator at 3895 47 1331 in a room of size 12x13 
[2025-06-19 22:11:35] [INFO   ] Registered: org.terraform.structure.pyramid.TrapChestChamberPopulator at 3875 47 1373 in a room of size 12x10 
[2025-06-19 22:11:35] [INFO   ] Registered: org.terraform.structure.pyramid.MainEntrancePopulator at 3904 47 1384 in a room of size 9x9 
[2025-06-19 22:11:35] [INFO   ] Registered: org.terraform.structure.pyramid.PyramidStairwayRoomPopulator at 3881 47 1359 in a room of size 5x5 
[2025-06-19 22:11:35] [INFO   ] Registered: org.terraform.structure.pyramid.CryptRoom at 3934 47 1320 in a room of size 12x15 
[2025-06-19 22:11:35] [INFO   ] Registered: org.terraform.structure.pyramid.TrapChestChamberPopulator at 3885 47 1315 in a room of size 12x11 
[2025-06-19 22:11:36] [INFO   ] Registered: org.terraform.structure.pyramid.PyramidStairwayRoomPopulator at 3897 55 1328 in a room of size 5x5 
[2025-06-19 22:11:36] [INFO   ] Registered: org.terraform.structure.pyramid.MazeLevelMonsterRoom at 3890 55 1343 in a room of size 6x6 
[2025-06-19 22:11:36] [INFO   ] Registered: org.terraform.structure.pyramid.MazeLevelMonsterRoom at 3891 55 1329 in a room of size 6x6 
[2025-06-19 22:11:36] [INFO   ] Registered: org.terraform.structure.pyramid.MazeLevelMonsterRoom at 3875 55 1327 in a room of size 5x5 
[2025-06-19 22:11:36] [INFO   ] Registered: org.terraform.structure.pyramid.PyramidStairwayTopPopulator at 3881 55 1345 in a room of size 5x5 
[2025-06-19 22:11:36] [INFO   ] Registered: org.terraform.structure.pyramid.PyramidStairwayTopPopulator at 3923 55 1336 in a room of size 5x5 
[2025-06-19 22:11:36] [INFO   ] Registered: org.terraform.structure.pyramid.PyramidStairwayRoomPopulator at 3910 55 1360 in a room of size 5x5 
[2025-06-19 22:11:36] [INFO   ] Registered: org.terraform.structure.pyramid.MazeLevelMonsterRoom at 3896 55 1354 in a room of size 6x5 
[2025-06-19 22:11:36] [INFO   ] Registered: org.terraform.structure.pyramid.HuskTombPopulator at 3934 55 1324 in a room of size 8x8 
[2025-06-19 22:11:36] [INFO   ] Registered: org.terraform.structure.pyramid.PyramidStairwayTopPopulator at 3881 55 1359 in a room of size 5x5 
[2025-06-19 22:11:36] [INFO   ] Registered: org.terraform.structure.pyramid.MazeLevelMonsterRoom at 3902 55 1330 in a room of size 5x6 
[2025-06-19 22:11:36] [INFO   ] Registered: org.terraform.structure.pyramid.MazeLevelMonsterRoom at 3911 55 1369 in a room of size 6x6 
[2025-06-19 22:11:36] [INFO   ] Registered: org.terraform.structure.pyramid.MazeLevelMonsterRoom at 3929 55 1360 in a room of size 5x6 
[2025-06-19 22:11:36] [INFO   ] Registered: org.terraform.structure.pyramid.MazeLevelMonsterRoom at 3893 55 1314 in a room of size 6x6 
[2025-06-19 22:11:36] [INFO   ] Registered: org.terraform.structure.pyramid.PyramidStairwayTopPopulator at 3918 55 1367 in a room of size 5x5 
[2025-06-19 22:11:36] [INFO   ] Registered: org.terraform.structure.pyramid.PyramidStairwayRoomPopulator at 3916 55 1352 in a room of size 5x5 
[2025-06-19 22:11:36] [INFO   ] Registered: org.terraform.structure.pyramid.MazeLevelMonsterRoom at 3927 55 1320 in a room of size 6x6 
[2025-06-19 22:11:36] [INFO   ] Registered: org.terraform.structure.pyramid.MazeLevelMonsterRoom at 3929 55 1314 in a room of size 6x5 
[2025-06-19 22:11:36] [INFO   ] Registered: org.terraform.structure.pyramid.MazeLevelMonsterRoom at 3876 55 1373 in a room of size 6x5 
[2025-06-19 22:11:36] [INFO   ] Registered: org.terraform.structure.pyramid.TreasureAntechamber at 3906 63 1327 in a room of size 10x8 
[2025-06-19 22:11:36] [INFO   ] Registered: org.terraform.structure.pyramid.TreasureAntechamber at 3889 63 1327 in a room of size 8x7 
[2025-06-19 22:11:36] [INFO   ] Registered: org.terraform.structure.pyramid.PyramidStairwayTopPopulator at 3897 63 1328 in a room of size 5x5 
[2025-06-19 22:11:36] [INFO   ] Registered: org.terraform.structure.pyramid.TreasureAntechamber at 3889 63 1344 in a room of size 7x7 
[2025-06-19 22:11:36] [INFO   ] Registered: org.terraform.structure.pyramid.ElderGuardianChamber at 3904 63 1344 in a room of size 20x20 
[2025-06-19 22:11:36] [INFO   ] Registered: org.terraform.structure.pyramid.WarAntechamber at 3923 63 1358 in a room of size 9x9 
[2025-06-19 22:11:36] [INFO   ] Registered: org.terraform.structure.pyramid.TerracottaRoom at 3896 63 1364 in a room of size 9x7 
[2025-06-19 22:11:36] [INFO   ] Registered: org.terraform.structure.pyramid.GenericAntechamber at 3920 63 1327 in a room of size 10x8 
[2025-06-19 22:11:36] [INFO   ] Registered: org.terraform.structure.pyramid.WarAntechamber at 3887 63 1363 in a room of size 10x8 
[2025-06-19 22:11:36] [INFO   ] Registered: org.terraform.structure.pyramid.TreasureAntechamber at 3888 63 1337 in a room of size 9x7 
[2025-06-19 22:11:36] [INFO   ] Registered: org.terraform.structure.pyramid.PyramidStairwayTopPopulator at 3910 63 1360 in a room of size 5x5 
[2025-06-19 22:11:36] [INFO   ] Registered: org.terraform.structure.pyramid.WarAntechamber at 3901 63 1357 in a room of size 8x7 
[2025-06-19 22:11:36] [INFO   ] Registered: org.terraform.structure.pyramid.WarAntechamber at 3923 63 1350 in a room of size 10x7 
[2025-06-19 22:11:36] [INFO   ] Registered: org.terraform.structure.pyramid.GenericAntechamber at 3885 63 1352 in a room of size 9x10 
[2025-06-19 22:11:36] [INFO   ] Registered: org.terraform.structure.pyramid.TreasureAntechamber at 3922 63 1335 in a room of size 10x7 
[2025-06-19 22:11:36] [INFO   ] Registered: org.terraform.structure.pyramid.GenericAntechamber at 3920 63 1342 in a room of size 10x8 
[2025-06-19 22:11:36] [INFO   ] Registered: org.terraform.structure.pyramid.PyramidStairwayTopPopulator at 3916 63 1352 in a room of size 5x5 
[2025-06-19 22:11:36] [INFO   ] [Locate] [PyramidPopulator] Located at X: 3904 Z: 1344 
[2025-06-19 22:11:53] [INFO   ] Generating org.terraform.structure.small.shipwreck.ShipwreckPopulator at chunk: 241,78 
[2025-06-19 22:11:53] [INFO   ] Spawning shipwreck at 3857, 53, 1260 with rotation of WEST 
[2025-06-19 22:12:01] [INFO   ] Generating org.terraform.structure.small.dungeon.SmallDungeonPopulator at chunk: 232,83 
[2025-06-19 22:12:01] [INFO   ] Spawning Underground Dungeon at 3726,109,1333 
[2025-06-19 22:12:08] [INFO   ] Generating org.terraform.structure.small.dungeon.SmallDungeonPopulator at chunk: 237,72 
[2025-06-19 22:12:08] [INFO   ] Spawning Underground Dungeon at 3806,10,1152 
[2025-06-19 22:12:10] [INFO   ] Large Cave at 4416,10,1856 has water level > -30 with populator MushroomCavePopulator 
[2025-06-19 22:12:29] [INFO   ] Generating org.terraform.structure.small.dungeon.SmallDungeonPopulator at chunk: 237,99 
[2025-06-19 22:12:29] [INFO   ] Spawning Underground Dungeon at 3800,25,1596 
[2025-06-19 22:13:03] [INFO   ] Large Cave at 3392,18,1344 has water level > -25 with populator GenericLargeCavePopulator 
[2025-06-19 22:43:25] [INFO   ]  Custom Logger Initialized 
[2025-06-19 22:43:25] [INFO   ] [NOTICE] TerraformGenerator will suppress the server's watchdog while generating chunks to prevent unnecessary stacktrace warnings. Unless you specifically need thewatchdog now (to take aikar timings or debug lag), you don't need to take any action. 
[2025-06-19 22:43:25] [INFO   ] It is recommended to pregenerate to reduce lag problems. 
[2025-06-19 22:43:25] [INFO   ] Watchdog Thread hooked. 
[2025-06-19 22:43:25] [INFO   ]  bStats Metrics enabled. 
[2025-06-19 22:43:25] [INFO   ]  Detected version: 1.21.4, number: 21.4 
[2025-06-19 22:43:25] [INFO   ] Unfreezing biome registry... 
[2025-06-19 22:43:25] [INFO   ] Registered custom biome: muddy_bog 
[2025-06-19 22:43:25] [INFO   ] Registered custom biome: cherry_grove 
[2025-06-19 22:43:25] [INFO   ] Registered custom biome: scarlet_forest 
[2025-06-19 22:43:25] [INFO   ] Registered custom biome: crystalline_cluster 
[2025-06-19 22:43:25] [INFO   ] Freezing biome registry 
[2025-06-19 22:43:25] [INFO   ] [Structure Registry] Registered Large Structure: VillageHousePopulator 
[2025-06-19 22:43:25] [INFO   ] [Structure Registry] Registered Large Structure: VillagePopulator 
[2025-06-19 22:43:25] [INFO   ] [Structure Registry] Registered Large Structure: OutpostPopulator 
[2025-06-19 22:43:25] [INFO   ] [Structure Registry] Registered Large Structure: PyramidPopulator 
[2025-06-19 22:43:25] [INFO   ] [Structure Registry] Registered Large Structure: MonumentPopulator 
[2025-06-19 22:43:25] [INFO   ] [Structure Registry] Registered Large Structure: StrongholdPopulator 
[2025-06-19 22:43:25] [INFO   ] [Structure Registry] Registered Large Structure: MansionPopulator 
[2025-06-19 22:43:25] [INFO   ] [Structure Registry] Registered Large Structure: AncientCityPopulator 
[2025-06-19 22:43:25] [INFO   ] [Structure Registry] Registered Large Structure: TrialChamberPopulator 
[2025-06-19 22:43:25] [INFO   ] [Structure Registry] Registered Large Structure: LargeCavePopulator 
[2025-06-19 22:43:25] [INFO   ] [Structure Registry] Registered Large Structure: MineshaftPopulator 
[2025-06-19 22:43:25] [INFO   ] [Structure Registry] Registered Large Structure: CatacombsPopulator 
[2025-06-19 22:43:25] [INFO   ] [Structure Registry] Registered Large Structure: BadlandsMinePopulator 
[2025-06-19 22:43:25] [INFO   ] [Structure Registry] Registered Large Structure: WarmOceanRuinsPopulator 
[2025-06-19 22:43:25] [INFO   ] [Structure Registry] Registered Large Structure: TrailRuinsPopulator 
[2025-06-19 22:43:25] [INFO   ] [Structure Registry] Registered Small Structure: SmallDungeonPopulator 
[2025-06-19 22:43:25] [INFO   ] [Structure Registry] Registered Small Structure: ShipwreckPopulator 
[2025-06-19 22:43:25] [INFO   ] [Structure Registry] Registered Small Structure: BuriedTreasurePopulator 
[2025-06-19 22:43:25] [INFO   ] [Structure Registry] Registered Small Structure: RuinedPortalPopulator 
[2025-06-19 22:43:25] [INFO   ] [Structure Registry] Registered Small Structure: IglooPopulator 
[2025-06-19 22:43:25] [INFO   ] [Structure Registry] Registered Small Structure: DesertWellPopulator 
[2025-06-19 22:43:25] [INFO   ] [Structure Registry] Registered Small Structure: WitchHutPopulator 
[2025-06-19 22:43:31] [INFO   ] Creating TW instance: gama_alta - -311153547135682143 
[2025-06-19 22:43:31] [INFO   ]  Detected world: gama_alta, commencing injection...  
[2025-06-19 22:43:31] [INFO   ] Creating TW instance: gama_alta - -311153547135682143 
[2025-06-19 22:43:31] [INFO   ] NMSChunkGenerator Delegate is of type CustomChunkGenerator 
[2025-06-19 22:43:31] [INFO   ] Post injection: getChunkSource().getChunkGenerator() is of type NMSChunkGenerator 
[2025-06-19 22:43:31] [INFO   ]  Injection success! Proceeding with generation. 
[2025-06-19 22:43:31] [INFO   ]  gama_alta loaded. 
[2025-06-19 23:11:34] [INFO   ]  Custom Logger Initialized 
[2025-06-19 23:11:34] [INFO   ] [NOTICE] TerraformGenerator will suppress the server's watchdog while generating chunks to prevent unnecessary stacktrace warnings. Unless you specifically need thewatchdog now (to take aikar timings or debug lag), you don't need to take any action. 
[2025-06-19 23:11:34] [INFO   ] It is recommended to pregenerate to reduce lag problems. 
[2025-06-19 23:11:34] [INFO   ] Watchdog Thread hooked. 
[2025-06-19 23:11:34] [INFO   ]  bStats Metrics enabled. 
[2025-06-19 23:11:34] [INFO   ]  Detected version: 1.21.4, number: 21.4 
[2025-06-19 23:11:34] [INFO   ] Unfreezing biome registry... 
[2025-06-19 23:11:34] [INFO   ] Registered custom biome: muddy_bog 
[2025-06-19 23:11:34] [INFO   ] Registered custom biome: cherry_grove 
[2025-06-19 23:11:34] [INFO   ] Registered custom biome: scarlet_forest 
[2025-06-19 23:11:34] [INFO   ] Registered custom biome: crystalline_cluster 
[2025-06-19 23:11:34] [INFO   ] Freezing biome registry 
[2025-06-19 23:11:34] [INFO   ] [Structure Registry] Registered Large Structure: VillageHousePopulator 
[2025-06-19 23:11:34] [INFO   ] [Structure Registry] Registered Large Structure: VillagePopulator 
[2025-06-19 23:11:34] [INFO   ] [Structure Registry] Registered Large Structure: OutpostPopulator 
[2025-06-19 23:11:34] [INFO   ] [Structure Registry] Registered Large Structure: PyramidPopulator 
[2025-06-19 23:11:34] [INFO   ] [Structure Registry] Registered Large Structure: MonumentPopulator 
[2025-06-19 23:11:34] [INFO   ] [Structure Registry] Registered Large Structure: StrongholdPopulator 
[2025-06-19 23:11:34] [INFO   ] [Structure Registry] Registered Large Structure: MansionPopulator 
[2025-06-19 23:11:34] [INFO   ] [Structure Registry] Registered Large Structure: AncientCityPopulator 
[2025-06-19 23:11:34] [INFO   ] [Structure Registry] Registered Large Structure: TrialChamberPopulator 
[2025-06-19 23:11:34] [INFO   ] [Structure Registry] Registered Large Structure: LargeCavePopulator 
[2025-06-19 23:11:34] [INFO   ] [Structure Registry] Registered Large Structure: MineshaftPopulator 
[2025-06-19 23:11:34] [INFO   ] [Structure Registry] Registered Large Structure: CatacombsPopulator 
[2025-06-19 23:11:34] [INFO   ] [Structure Registry] Registered Large Structure: BadlandsMinePopulator 
[2025-06-19 23:11:34] [INFO   ] [Structure Registry] Registered Large Structure: WarmOceanRuinsPopulator 
[2025-06-19 23:11:34] [INFO   ] [Structure Registry] Registered Large Structure: TrailRuinsPopulator 
[2025-06-19 23:11:34] [INFO   ] [Structure Registry] Registered Small Structure: SmallDungeonPopulator 
[2025-06-19 23:11:34] [INFO   ] [Structure Registry] Registered Small Structure: ShipwreckPopulator 
[2025-06-19 23:11:34] [INFO   ] [Structure Registry] Registered Small Structure: BuriedTreasurePopulator 
[2025-06-19 23:11:34] [INFO   ] [Structure Registry] Registered Small Structure: RuinedPortalPopulator 
[2025-06-19 23:11:34] [INFO   ] [Structure Registry] Registered Small Structure: IglooPopulator 
[2025-06-19 23:11:34] [INFO   ] [Structure Registry] Registered Small Structure: DesertWellPopulator 
[2025-06-19 23:11:34] [INFO   ] [Structure Registry] Registered Small Structure: WitchHutPopulator 
[2025-06-19 23:11:41] [INFO   ] Creating TW instance: gama_alta - -311153547135682143 
[2025-06-19 23:11:41] [INFO   ]  Detected world: gama_alta, commencing injection...  
[2025-06-19 23:11:41] [INFO   ] Creating TW instance: gama_alta - -311153547135682143 
[2025-06-19 23:11:41] [INFO   ] NMSChunkGenerator Delegate is of type CustomChunkGenerator 
[2025-06-19 23:11:41] [INFO   ] Post injection: getChunkSource().getChunkGenerator() is of type NMSChunkGenerator 
[2025-06-19 23:11:41] [INFO   ]  Injection success! Proceeding with generation. 
[2025-06-19 23:11:41] [INFO   ]  gama_alta loaded. 
[2025-06-20 14:14:28] [INFO   ]  Custom Logger Initialized 
[2025-06-20 14:14:28] [INFO   ] [NOTICE] TerraformGenerator will suppress the server's watchdog while generating chunks to prevent unnecessary stacktrace warnings. Unless you specifically need thewatchdog now (to take aikar timings or debug lag), you don't need to take any action. 
[2025-06-20 14:14:28] [INFO   ] It is recommended to pregenerate to reduce lag problems. 
[2025-06-20 14:14:28] [INFO   ] Watchdog Thread hooked. 
[2025-06-20 14:14:28] [INFO   ]  bStats Metrics enabled. 
[2025-06-20 14:14:28] [INFO   ]  Detected version: 1.21.4, number: 21.4 
[2025-06-20 14:14:28] [INFO   ] Unfreezing biome registry... 
[2025-06-20 14:14:28] [INFO   ] Registered custom biome: muddy_bog 
[2025-06-20 14:14:28] [INFO   ] Registered custom biome: cherry_grove 
[2025-06-20 14:14:28] [INFO   ] Registered custom biome: scarlet_forest 
[2025-06-20 14:14:28] [INFO   ] Registered custom biome: crystalline_cluster 
[2025-06-20 14:14:28] [INFO   ] Freezing biome registry 
[2025-06-20 14:14:28] [INFO   ] [Structure Registry] Registered Large Structure: VillageHousePopulator 
[2025-06-20 14:14:28] [INFO   ] [Structure Registry] Registered Large Structure: VillagePopulator 
[2025-06-20 14:14:28] [INFO   ] [Structure Registry] Registered Large Structure: OutpostPopulator 
[2025-06-20 14:14:28] [INFO   ] [Structure Registry] Registered Large Structure: PyramidPopulator 
[2025-06-20 14:14:28] [INFO   ] [Structure Registry] Registered Large Structure: MonumentPopulator 
[2025-06-20 14:14:28] [INFO   ] [Structure Registry] Registered Large Structure: StrongholdPopulator 
[2025-06-20 14:14:28] [INFO   ] [Structure Registry] Registered Large Structure: MansionPopulator 
[2025-06-20 14:14:28] [INFO   ] [Structure Registry] Registered Large Structure: AncientCityPopulator 
[2025-06-20 14:14:28] [INFO   ] [Structure Registry] Registered Large Structure: TrialChamberPopulator 
[2025-06-20 14:14:28] [INFO   ] [Structure Registry] Registered Large Structure: LargeCavePopulator 
[2025-06-20 14:14:28] [INFO   ] [Structure Registry] Registered Large Structure: MineshaftPopulator 
[2025-06-20 14:14:28] [INFO   ] [Structure Registry] Registered Large Structure: CatacombsPopulator 
[2025-06-20 14:14:28] [INFO   ] [Structure Registry] Registered Large Structure: BadlandsMinePopulator 
[2025-06-20 14:14:28] [INFO   ] [Structure Registry] Registered Large Structure: WarmOceanRuinsPopulator 
[2025-06-20 14:14:28] [INFO   ] [Structure Registry] Registered Large Structure: TrailRuinsPopulator 
[2025-06-20 14:14:28] [INFO   ] [Structure Registry] Registered Small Structure: SmallDungeonPopulator 
[2025-06-20 14:14:28] [INFO   ] [Structure Registry] Registered Small Structure: ShipwreckPopulator 
[2025-06-20 14:14:28] [INFO   ] [Structure Registry] Registered Small Structure: BuriedTreasurePopulator 
[2025-06-20 14:14:28] [INFO   ] [Structure Registry] Registered Small Structure: RuinedPortalPopulator 
[2025-06-20 14:14:28] [INFO   ] [Structure Registry] Registered Small Structure: IglooPopulator 
[2025-06-20 14:14:28] [INFO   ] [Structure Registry] Registered Small Structure: DesertWellPopulator 
[2025-06-20 14:14:28] [INFO   ] [Structure Registry] Registered Small Structure: WitchHutPopulator 
[2025-06-20 14:14:36] [INFO   ] Creating TW instance: gama_alta - -311153547135682143 
[2025-06-20 14:14:36] [INFO   ]  Detected world: gama_alta, commencing injection...  
[2025-06-20 14:14:36] [INFO   ] Creating TW instance: gama_alta - -311153547135682143 
[2025-06-20 14:14:36] [INFO   ] NMSChunkGenerator Delegate is of type CustomChunkGenerator 
[2025-06-20 14:14:36] [INFO   ] Post injection: getChunkSource().getChunkGenerator() is of type NMSChunkGenerator 
[2025-06-20 14:14:36] [INFO   ]  Injection success! Proceeding with generation. 
[2025-06-20 14:14:36] [INFO   ]  gama_alta loaded. 
[2025-06-20 14:18:56] [INFO   ]  Custom Logger Initialized 
[2025-06-20 14:18:56] [INFO   ] [NOTICE] TerraformGenerator will suppress the server's watchdog while generating chunks to prevent unnecessary stacktrace warnings. Unless you specifically need thewatchdog now (to take aikar timings or debug lag), you don't need to take any action. 
[2025-06-20 14:18:56] [INFO   ] It is recommended to pregenerate to reduce lag problems. 
[2025-06-20 14:18:56] [INFO   ] Watchdog Thread hooked. 
[2025-06-20 14:18:56] [INFO   ]  bStats Metrics enabled. 
[2025-06-20 14:18:56] [INFO   ]  Detected version: 1.21.4, number: 21.4 
[2025-06-20 14:18:56] [INFO   ] Unfreezing biome registry... 
[2025-06-20 14:18:56] [INFO   ] Registered custom biome: muddy_bog 
[2025-06-20 14:18:56] [INFO   ] Registered custom biome: cherry_grove 
[2025-06-20 14:18:56] [INFO   ] Registered custom biome: scarlet_forest 
[2025-06-20 14:18:56] [INFO   ] Registered custom biome: crystalline_cluster 
[2025-06-20 14:18:56] [INFO   ] Freezing biome registry 
[2025-06-20 14:18:56] [INFO   ] [Structure Registry] Registered Large Structure: VillageHousePopulator 
[2025-06-20 14:18:56] [INFO   ] [Structure Registry] Registered Large Structure: VillagePopulator 
[2025-06-20 14:18:56] [INFO   ] [Structure Registry] Registered Large Structure: OutpostPopulator 
[2025-06-20 14:18:56] [INFO   ] [Structure Registry] Registered Large Structure: PyramidPopulator 
[2025-06-20 14:18:56] [INFO   ] [Structure Registry] Registered Large Structure: MonumentPopulator 
[2025-06-20 14:18:56] [INFO   ] [Structure Registry] Registered Large Structure: StrongholdPopulator 
[2025-06-20 14:18:56] [INFO   ] [Structure Registry] Registered Large Structure: MansionPopulator 
[2025-06-20 14:18:56] [INFO   ] [Structure Registry] Registered Large Structure: AncientCityPopulator 
[2025-06-20 14:18:56] [INFO   ] [Structure Registry] Registered Large Structure: TrialChamberPopulator 
[2025-06-20 14:18:56] [INFO   ] [Structure Registry] Registered Large Structure: LargeCavePopulator 
[2025-06-20 14:18:56] [INFO   ] [Structure Registry] Registered Large Structure: MineshaftPopulator 
[2025-06-20 14:18:56] [INFO   ] [Structure Registry] Registered Large Structure: CatacombsPopulator 
[2025-06-20 14:18:56] [INFO   ] [Structure Registry] Registered Large Structure: BadlandsMinePopulator 
[2025-06-20 14:18:56] [INFO   ] [Structure Registry] Registered Large Structure: WarmOceanRuinsPopulator 
[2025-06-20 14:18:56] [INFO   ] [Structure Registry] Registered Large Structure: TrailRuinsPopulator 
[2025-06-20 14:18:56] [INFO   ] [Structure Registry] Registered Small Structure: SmallDungeonPopulator 
[2025-06-20 14:18:56] [INFO   ] [Structure Registry] Registered Small Structure: ShipwreckPopulator 
[2025-06-20 14:18:56] [INFO   ] [Structure Registry] Registered Small Structure: BuriedTreasurePopulator 
[2025-06-20 14:18:56] [INFO   ] [Structure Registry] Registered Small Structure: RuinedPortalPopulator 
[2025-06-20 14:18:56] [INFO   ] [Structure Registry] Registered Small Structure: IglooPopulator 
[2025-06-20 14:18:56] [INFO   ] [Structure Registry] Registered Small Structure: DesertWellPopulator 
[2025-06-20 14:18:56] [INFO   ] [Structure Registry] Registered Small Structure: WitchHutPopulator 
[2025-06-20 14:19:03] [INFO   ] Creating TW instance: gama_alta - -311153547135682143 
[2025-06-20 14:19:03] [INFO   ]  Detected world: gama_alta, commencing injection...  
[2025-06-20 14:19:03] [INFO   ] Creating TW instance: gama_alta - -311153547135682143 
[2025-06-20 14:19:03] [INFO   ] NMSChunkGenerator Delegate is of type CustomChunkGenerator 
[2025-06-20 14:19:03] [INFO   ] Post injection: getChunkSource().getChunkGenerator() is of type NMSChunkGenerator 
[2025-06-20 14:19:03] [INFO   ]  Injection success! Proceeding with generation. 
[2025-06-20 14:19:03] [INFO   ]  gama_alta loaded. 
[2025-06-20 14:22:54] [INFO   ]  Custom Logger Initialized 
[2025-06-20 14:22:54] [INFO   ] [NOTICE] TerraformGenerator will suppress the server's watchdog while generating chunks to prevent unnecessary stacktrace warnings. Unless you specifically need thewatchdog now (to take aikar timings or debug lag), you don't need to take any action. 
[2025-06-20 14:22:54] [INFO   ] It is recommended to pregenerate to reduce lag problems. 
[2025-06-20 14:22:54] [INFO   ] Watchdog Thread hooked. 
[2025-06-20 14:22:54] [INFO   ]  bStats Metrics enabled. 
[2025-06-20 14:22:54] [INFO   ]  Detected version: 1.21.4, number: 21.4 
[2025-06-20 14:22:54] [INFO   ] Unfreezing biome registry... 
[2025-06-20 14:22:54] [INFO   ] Registered custom biome: muddy_bog 
[2025-06-20 14:22:54] [INFO   ] Registered custom biome: cherry_grove 
[2025-06-20 14:22:54] [INFO   ] Registered custom biome: scarlet_forest 
[2025-06-20 14:22:54] [INFO   ] Registered custom biome: crystalline_cluster 
[2025-06-20 14:22:54] [INFO   ] Freezing biome registry 
[2025-06-20 14:22:54] [INFO   ] [Structure Registry] Registered Large Structure: VillageHousePopulator 
[2025-06-20 14:22:54] [INFO   ] [Structure Registry] Registered Large Structure: VillagePopulator 
[2025-06-20 14:22:54] [INFO   ] [Structure Registry] Registered Large Structure: OutpostPopulator 
[2025-06-20 14:22:54] [INFO   ] [Structure Registry] Registered Large Structure: PyramidPopulator 
[2025-06-20 14:22:54] [INFO   ] [Structure Registry] Registered Large Structure: MonumentPopulator 
[2025-06-20 14:22:54] [INFO   ] [Structure Registry] Registered Large Structure: StrongholdPopulator 
[2025-06-20 14:22:54] [INFO   ] [Structure Registry] Registered Large Structure: MansionPopulator 
[2025-06-20 14:22:54] [INFO   ] [Structure Registry] Registered Large Structure: AncientCityPopulator 
[2025-06-20 14:22:54] [INFO   ] [Structure Registry] Registered Large Structure: TrialChamberPopulator 
[2025-06-20 14:22:54] [INFO   ] [Structure Registry] Registered Large Structure: LargeCavePopulator 
[2025-06-20 14:22:54] [INFO   ] [Structure Registry] Registered Large Structure: MineshaftPopulator 
[2025-06-20 14:22:54] [INFO   ] [Structure Registry] Registered Large Structure: CatacombsPopulator 
[2025-06-20 14:22:54] [INFO   ] [Structure Registry] Registered Large Structure: BadlandsMinePopulator 
[2025-06-20 14:22:54] [INFO   ] [Structure Registry] Registered Large Structure: WarmOceanRuinsPopulator 
[2025-06-20 14:22:54] [INFO   ] [Structure Registry] Registered Large Structure: TrailRuinsPopulator 
[2025-06-20 14:22:54] [INFO   ] [Structure Registry] Registered Small Structure: SmallDungeonPopulator 
[2025-06-20 14:22:54] [INFO   ] [Structure Registry] Registered Small Structure: ShipwreckPopulator 
[2025-06-20 14:22:54] [INFO   ] [Structure Registry] Registered Small Structure: BuriedTreasurePopulator 
[2025-06-20 14:22:54] [INFO   ] [Structure Registry] Registered Small Structure: RuinedPortalPopulator 
[2025-06-20 14:22:54] [INFO   ] [Structure Registry] Registered Small Structure: IglooPopulator 
[2025-06-20 14:22:54] [INFO   ] [Structure Registry] Registered Small Structure: DesertWellPopulator 
[2025-06-20 14:22:54] [INFO   ] [Structure Registry] Registered Small Structure: WitchHutPopulator 
[2025-06-20 14:23:02] [INFO   ] Creating TW instance: gama_alta - -311153547135682143 
[2025-06-20 14:23:02] [INFO   ]  Detected world: gama_alta, commencing injection...  
[2025-06-20 14:23:02] [INFO   ] Creating TW instance: gama_alta - -311153547135682143 
[2025-06-20 14:23:02] [INFO   ] NMSChunkGenerator Delegate is of type CustomChunkGenerator 
[2025-06-20 14:23:02] [INFO   ] Post injection: getChunkSource().getChunkGenerator() is of type NMSChunkGenerator 
[2025-06-20 14:23:02] [INFO   ]  Injection success! Proceeding with generation. 
[2025-06-20 14:23:02] [INFO   ]  gama_alta loaded. 
[2025-06-20 14:28:16] [INFO   ]  Custom Logger Initialized 
[2025-06-20 14:28:16] [INFO   ] [NOTICE] TerraformGenerator will suppress the server's watchdog while generating chunks to prevent unnecessary stacktrace warnings. Unless you specifically need thewatchdog now (to take aikar timings or debug lag), you don't need to take any action. 
[2025-06-20 14:28:16] [INFO   ] It is recommended to pregenerate to reduce lag problems. 
[2025-06-20 14:28:16] [INFO   ] Watchdog Thread hooked. 
[2025-06-20 14:28:16] [INFO   ]  bStats Metrics enabled. 
[2025-06-20 14:28:17] [INFO   ]  Detected version: 1.21.4, number: 21.4 
[2025-06-20 14:28:17] [INFO   ] Unfreezing biome registry... 
[2025-06-20 14:28:17] [INFO   ] Registered custom biome: muddy_bog 
[2025-06-20 14:28:17] [INFO   ] Registered custom biome: cherry_grove 
[2025-06-20 14:28:17] [INFO   ] Registered custom biome: scarlet_forest 
[2025-06-20 14:28:17] [INFO   ] Registered custom biome: crystalline_cluster 
[2025-06-20 14:28:17] [INFO   ] Freezing biome registry 
[2025-06-20 14:28:17] [INFO   ] [Structure Registry] Registered Large Structure: VillageHousePopulator 
[2025-06-20 14:28:17] [INFO   ] [Structure Registry] Registered Large Structure: VillagePopulator 
[2025-06-20 14:28:17] [INFO   ] [Structure Registry] Registered Large Structure: OutpostPopulator 
[2025-06-20 14:28:17] [INFO   ] [Structure Registry] Registered Large Structure: PyramidPopulator 
[2025-06-20 14:28:17] [INFO   ] [Structure Registry] Registered Large Structure: MonumentPopulator 
[2025-06-20 14:28:17] [INFO   ] [Structure Registry] Registered Large Structure: StrongholdPopulator 
[2025-06-20 14:28:17] [INFO   ] [Structure Registry] Registered Large Structure: MansionPopulator 
[2025-06-20 14:28:17] [INFO   ] [Structure Registry] Registered Large Structure: AncientCityPopulator 
[2025-06-20 14:28:17] [INFO   ] [Structure Registry] Registered Large Structure: TrialChamberPopulator 
[2025-06-20 14:28:17] [INFO   ] [Structure Registry] Registered Large Structure: LargeCavePopulator 
[2025-06-20 14:28:17] [INFO   ] [Structure Registry] Registered Large Structure: MineshaftPopulator 
[2025-06-20 14:28:17] [INFO   ] [Structure Registry] Registered Large Structure: CatacombsPopulator 
[2025-06-20 14:28:17] [INFO   ] [Structure Registry] Registered Large Structure: BadlandsMinePopulator 
[2025-06-20 14:28:17] [INFO   ] [Structure Registry] Registered Large Structure: WarmOceanRuinsPopulator 
[2025-06-20 14:28:17] [INFO   ] [Structure Registry] Registered Large Structure: TrailRuinsPopulator 
[2025-06-20 14:28:17] [INFO   ] [Structure Registry] Registered Small Structure: SmallDungeonPopulator 
[2025-06-20 14:28:17] [INFO   ] [Structure Registry] Registered Small Structure: ShipwreckPopulator 
[2025-06-20 14:28:17] [INFO   ] [Structure Registry] Registered Small Structure: BuriedTreasurePopulator 
[2025-06-20 14:28:17] [INFO   ] [Structure Registry] Registered Small Structure: RuinedPortalPopulator 
[2025-06-20 14:28:17] [INFO   ] [Structure Registry] Registered Small Structure: IglooPopulator 
[2025-06-20 14:28:17] [INFO   ] [Structure Registry] Registered Small Structure: DesertWellPopulator 
[2025-06-20 14:28:17] [INFO   ] [Structure Registry] Registered Small Structure: WitchHutPopulator 
[2025-06-20 14:28:24] [INFO   ] Creating TW instance: gama_alta - -311153547135682143 
[2025-06-20 14:28:24] [INFO   ]  Detected world: gama_alta, commencing injection...  
[2025-06-20 14:28:24] [INFO   ] Creating TW instance: gama_alta - -311153547135682143 
[2025-06-20 14:28:24] [INFO   ] NMSChunkGenerator Delegate is of type CustomChunkGenerator 
[2025-06-20 14:28:24] [INFO   ] Post injection: getChunkSource().getChunkGenerator() is of type NMSChunkGenerator 
[2025-06-20 14:28:24] [INFO   ]  Injection success! Proceeding with generation. 
[2025-06-20 14:28:24] [INFO   ]  gama_alta loaded. 
[2025-06-20 14:36:45] [INFO   ] Will spawn stronghold at: CoordPair[x=46, z=1407] 
[2025-06-20 14:36:47] [INFO   ] Spawning FrozenCavePopulator at 3808,95,4960 
[2025-06-20 14:36:47] [INFO   ] Large Cave at 3904,65,4928 has water level > -25 with populator MushroomCavePopulator 
[2025-06-20 14:36:49] [INFO   ] Large Cave at -4800,21,320 has water level > -14 with populator GenericLargeCavePopulator 
[2025-06-20 14:36:50] [INFO   ] Spawning DeepCavePopulator at -4928,-46,96 
[2025-06-20 14:36:50] [INFO   ] Spawning MossyCavePopulator at -4928,38,104 
[2025-06-20 14:36:51] [INFO   ] Spawning DripstoneClusterCavePopulator at -4928,50,192 
[2025-06-20 14:36:51] [INFO   ] Spawning CaveFluidClusterPopulator at -4920,41,200 
[2025-06-20 14:36:51] [INFO   ] Spawning CrystallineClusterCavePopulator at -4988,23,172 
[2025-06-20 14:36:51] [INFO   ] Spawning LushClusterCavePopulator at -4928,20,64 
[2025-06-20 14:36:55] [INFO   ] Generating org.terraform.structure.small.buriedtreasure.BuriedTreasurePopulator at chunk: -304,4 
[2025-06-20 14:36:57] [INFO   ] Generating org.terraform.structure.small.ruinedportal.RuinedPortalPopulator at chunk: -300,13 
[2025-06-20 14:36:58] [INFO   ] Generating org.terraform.structure.small.dungeon.SmallDungeonPopulator at chunk: -315,16 
[2025-06-20 14:36:58] [INFO   ] Spawning Underground Dungeon at -5032,21,257 
[2025-06-20 14:37:06] [INFO   ] Generating org.terraform.structure.caves.LargeCavePopulator at chunk: -300,20 
[2025-06-20 14:37:13] [INFO   ] Generating org.terraform.structure.small.shipwreck.ShipwreckPopulator at chunk: -310,-6 
[2025-06-20 14:37:13] [INFO   ] Spawning shipwreck at -4955, 38, -84 with rotation of SOUTH 
[2025-06-22 23:16:38] [INFO   ]  Custom Logger Initialized 
[2025-06-22 23:16:38] [INFO   ] [NOTICE] TerraformGenerator will suppress the server's watchdog while generating chunks to prevent unnecessary stacktrace warnings. Unless you specifically need thewatchdog now (to take aikar timings or debug lag), you don't need to take any action. 
[2025-06-22 23:16:38] [INFO   ] It is recommended to pregenerate to reduce lag problems. 
[2025-06-22 23:16:38] [INFO   ] Watchdog Thread hooked. 
[2025-06-22 23:16:38] [INFO   ]  bStats Metrics enabled. 
[2025-06-22 23:16:38] [INFO   ]  Detected version: 1.21.4, number: 21.4 
[2025-06-22 23:16:38] [INFO   ] Unfreezing biome registry... 
[2025-06-22 23:16:38] [INFO   ] Registered custom biome: muddy_bog 
[2025-06-22 23:16:38] [INFO   ] Registered custom biome: cherry_grove 
[2025-06-22 23:16:38] [INFO   ] Registered custom biome: scarlet_forest 
[2025-06-22 23:16:38] [INFO   ] Registered custom biome: crystalline_cluster 
[2025-06-22 23:16:38] [INFO   ] Freezing biome registry 
[2025-06-22 23:16:38] [INFO   ] [Structure Registry] Registered Large Structure: VillageHousePopulator 
[2025-06-22 23:16:38] [INFO   ] [Structure Registry] Registered Large Structure: VillagePopulator 
[2025-06-22 23:16:38] [INFO   ] [Structure Registry] Registered Large Structure: OutpostPopulator 
[2025-06-22 23:16:38] [INFO   ] [Structure Registry] Registered Large Structure: PyramidPopulator 
[2025-06-22 23:16:38] [INFO   ] [Structure Registry] Registered Large Structure: MonumentPopulator 
[2025-06-22 23:16:38] [INFO   ] [Structure Registry] Registered Large Structure: StrongholdPopulator 
[2025-06-22 23:16:38] [INFO   ] [Structure Registry] Registered Large Structure: MansionPopulator 
[2025-06-22 23:16:38] [INFO   ] [Structure Registry] Registered Large Structure: AncientCityPopulator 
[2025-06-22 23:16:38] [INFO   ] [Structure Registry] Registered Large Structure: TrialChamberPopulator 
[2025-06-22 23:16:38] [INFO   ] [Structure Registry] Registered Large Structure: LargeCavePopulator 
[2025-06-22 23:16:38] [INFO   ] [Structure Registry] Registered Large Structure: MineshaftPopulator 
[2025-06-22 23:16:38] [INFO   ] [Structure Registry] Registered Large Structure: CatacombsPopulator 
[2025-06-22 23:16:38] [INFO   ] [Structure Registry] Registered Large Structure: BadlandsMinePopulator 
[2025-06-22 23:16:38] [INFO   ] [Structure Registry] Registered Large Structure: WarmOceanRuinsPopulator 
[2025-06-22 23:16:38] [INFO   ] [Structure Registry] Registered Large Structure: TrailRuinsPopulator 
[2025-06-22 23:16:38] [INFO   ] [Structure Registry] Registered Small Structure: SmallDungeonPopulator 
[2025-06-22 23:16:38] [INFO   ] [Structure Registry] Registered Small Structure: ShipwreckPopulator 
[2025-06-22 23:16:38] [INFO   ] [Structure Registry] Registered Small Structure: BuriedTreasurePopulator 
[2025-06-22 23:16:38] [INFO   ] [Structure Registry] Registered Small Structure: RuinedPortalPopulator 
[2025-06-22 23:16:38] [INFO   ] [Structure Registry] Registered Small Structure: IglooPopulator 
[2025-06-22 23:16:38] [INFO   ] [Structure Registry] Registered Small Structure: DesertWellPopulator 
[2025-06-22 23:16:38] [INFO   ] [Structure Registry] Registered Small Structure: WitchHutPopulator 
[2025-06-22 23:16:46] [INFO   ] Creating TW instance: gama_alta - -311153547135682143 
[2025-06-22 23:16:46] [INFO   ]  Detected world: gama_alta, commencing injection...  
[2025-06-22 23:16:46] [INFO   ] Creating TW instance: gama_alta - -311153547135682143 
[2025-06-22 23:16:46] [INFO   ] NMSChunkGenerator Delegate is of type CustomChunkGenerator 
[2025-06-22 23:16:46] [INFO   ] Post injection: getChunkSource().getChunkGenerator() is of type NMSChunkGenerator 
[2025-06-22 23:16:46] [INFO   ]  Injection success! Proceeding with generation. 
[2025-06-22 23:16:46] [INFO   ]  gama_alta loaded. 
[2025-06-22 23:26:24] [INFO   ]  Custom Logger Initialized 
[2025-06-22 23:26:24] [INFO   ] [NOTICE] TerraformGenerator will suppress the server's watchdog while generating chunks to prevent unnecessary stacktrace warnings. Unless you specifically need thewatchdog now (to take aikar timings or debug lag), you don't need to take any action. 
[2025-06-22 23:26:24] [INFO   ] It is recommended to pregenerate to reduce lag problems. 
[2025-06-22 23:26:24] [INFO   ] Watchdog Thread hooked. 
[2025-06-22 23:26:24] [INFO   ]  bStats Metrics enabled. 
[2025-06-22 23:26:24] [INFO   ]  Detected version: 1.21.4, number: 21.4 
[2025-06-22 23:26:24] [INFO   ] Unfreezing biome registry... 
[2025-06-22 23:26:24] [INFO   ] Registered custom biome: muddy_bog 
[2025-06-22 23:26:24] [INFO   ] Registered custom biome: cherry_grove 
[2025-06-22 23:26:24] [INFO   ] Registered custom biome: scarlet_forest 
[2025-06-22 23:26:24] [INFO   ] Registered custom biome: crystalline_cluster 
[2025-06-22 23:26:24] [INFO   ] Freezing biome registry 
[2025-06-22 23:26:24] [INFO   ] [Structure Registry] Registered Large Structure: VillageHousePopulator 
[2025-06-22 23:26:24] [INFO   ] [Structure Registry] Registered Large Structure: VillagePopulator 
[2025-06-22 23:26:24] [INFO   ] [Structure Registry] Registered Large Structure: OutpostPopulator 
[2025-06-22 23:26:24] [INFO   ] [Structure Registry] Registered Large Structure: PyramidPopulator 
[2025-06-22 23:26:24] [INFO   ] [Structure Registry] Registered Large Structure: MonumentPopulator 
[2025-06-22 23:26:24] [INFO   ] [Structure Registry] Registered Large Structure: StrongholdPopulator 
[2025-06-22 23:26:24] [INFO   ] [Structure Registry] Registered Large Structure: MansionPopulator 
[2025-06-22 23:26:24] [INFO   ] [Structure Registry] Registered Large Structure: AncientCityPopulator 
[2025-06-22 23:26:24] [INFO   ] [Structure Registry] Registered Large Structure: TrialChamberPopulator 
[2025-06-22 23:26:24] [INFO   ] [Structure Registry] Registered Large Structure: LargeCavePopulator 
[2025-06-22 23:26:24] [INFO   ] [Structure Registry] Registered Large Structure: MineshaftPopulator 
[2025-06-22 23:26:24] [INFO   ] [Structure Registry] Registered Large Structure: CatacombsPopulator 
[2025-06-22 23:26:24] [INFO   ] [Structure Registry] Registered Large Structure: BadlandsMinePopulator 
[2025-06-22 23:26:24] [INFO   ] [Structure Registry] Registered Large Structure: WarmOceanRuinsPopulator 
[2025-06-22 23:26:24] [INFO   ] [Structure Registry] Registered Large Structure: TrailRuinsPopulator 
[2025-06-22 23:26:24] [INFO   ] [Structure Registry] Registered Small Structure: SmallDungeonPopulator 
[2025-06-22 23:26:24] [INFO   ] [Structure Registry] Registered Small Structure: ShipwreckPopulator 
[2025-06-22 23:26:24] [INFO   ] [Structure Registry] Registered Small Structure: BuriedTreasurePopulator 
[2025-06-22 23:26:24] [INFO   ] [Structure Registry] Registered Small Structure: RuinedPortalPopulator 
[2025-06-22 23:26:24] [INFO   ] [Structure Registry] Registered Small Structure: IglooPopulator 
[2025-06-22 23:26:24] [INFO   ] [Structure Registry] Registered Small Structure: DesertWellPopulator 
[2025-06-22 23:26:24] [INFO   ] [Structure Registry] Registered Small Structure: WitchHutPopulator 
[2025-06-22 23:26:31] [INFO   ] Creating TW instance: gama_alta - -311153547135682143 
[2025-06-22 23:26:31] [INFO   ]  Detected world: gama_alta, commencing injection...  
[2025-06-22 23:26:31] [INFO   ] Creating TW instance: gama_alta - -311153547135682143 
[2025-06-22 23:26:31] [INFO   ] NMSChunkGenerator Delegate is of type CustomChunkGenerator 
[2025-06-22 23:26:31] [INFO   ] Post injection: getChunkSource().getChunkGenerator() is of type NMSChunkGenerator 
[2025-06-22 23:26:31] [INFO   ]  Injection success! Proceeding with generation. 
[2025-06-22 23:26:31] [INFO   ]  gama_alta loaded. 
[2025-06-22 23:40:06] [INFO   ]  Custom Logger Initialized 
[2025-06-22 23:40:07] [INFO   ] [NOTICE] TerraformGenerator will suppress the server's watchdog while generating chunks to prevent unnecessary stacktrace warnings. Unless you specifically need thewatchdog now (to take aikar timings or debug lag), you don't need to take any action. 
[2025-06-22 23:40:07] [INFO   ] It is recommended to pregenerate to reduce lag problems. 
[2025-06-22 23:40:07] [INFO   ] Watchdog Thread hooked. 
[2025-06-22 23:40:07] [INFO   ]  bStats Metrics enabled. 
[2025-06-22 23:40:07] [INFO   ]  Detected version: 1.21.4, number: 21.4 
[2025-06-22 23:40:07] [INFO   ] Unfreezing biome registry... 
[2025-06-22 23:40:07] [INFO   ] Registered custom biome: muddy_bog 
[2025-06-22 23:40:07] [INFO   ] Registered custom biome: cherry_grove 
[2025-06-22 23:40:07] [INFO   ] Registered custom biome: scarlet_forest 
[2025-06-22 23:40:07] [INFO   ] Registered custom biome: crystalline_cluster 
[2025-06-22 23:40:07] [INFO   ] Freezing biome registry 
[2025-06-22 23:40:07] [INFO   ] [Structure Registry] Registered Large Structure: VillageHousePopulator 
[2025-06-22 23:40:07] [INFO   ] [Structure Registry] Registered Large Structure: VillagePopulator 
[2025-06-22 23:40:07] [INFO   ] [Structure Registry] Registered Large Structure: OutpostPopulator 
[2025-06-22 23:40:07] [INFO   ] [Structure Registry] Registered Large Structure: PyramidPopulator 
[2025-06-22 23:40:07] [INFO   ] [Structure Registry] Registered Large Structure: MonumentPopulator 
[2025-06-22 23:40:07] [INFO   ] [Structure Registry] Registered Large Structure: StrongholdPopulator 
[2025-06-22 23:40:07] [INFO   ] [Structure Registry] Registered Large Structure: MansionPopulator 
[2025-06-22 23:40:07] [INFO   ] [Structure Registry] Registered Large Structure: AncientCityPopulator 
[2025-06-22 23:40:07] [INFO   ] [Structure Registry] Registered Large Structure: TrialChamberPopulator 
[2025-06-22 23:40:07] [INFO   ] [Structure Registry] Registered Large Structure: LargeCavePopulator 
[2025-06-22 23:40:07] [INFO   ] [Structure Registry] Registered Large Structure: MineshaftPopulator 
[2025-06-22 23:40:07] [INFO   ] [Structure Registry] Registered Large Structure: CatacombsPopulator 
[2025-06-22 23:40:07] [INFO   ] [Structure Registry] Registered Large Structure: BadlandsMinePopulator 
[2025-06-22 23:40:07] [INFO   ] [Structure Registry] Registered Large Structure: WarmOceanRuinsPopulator 
[2025-06-22 23:40:07] [INFO   ] [Structure Registry] Registered Large Structure: TrailRuinsPopulator 
[2025-06-22 23:40:07] [INFO   ] [Structure Registry] Registered Small Structure: SmallDungeonPopulator 
[2025-06-22 23:40:07] [INFO   ] [Structure Registry] Registered Small Structure: ShipwreckPopulator 
[2025-06-22 23:40:07] [INFO   ] [Structure Registry] Registered Small Structure: BuriedTreasurePopulator 
[2025-06-22 23:40:07] [INFO   ] [Structure Registry] Registered Small Structure: RuinedPortalPopulator 
[2025-06-22 23:40:07] [INFO   ] [Structure Registry] Registered Small Structure: IglooPopulator 
[2025-06-22 23:40:07] [INFO   ] [Structure Registry] Registered Small Structure: DesertWellPopulator 
[2025-06-22 23:40:07] [INFO   ] [Structure Registry] Registered Small Structure: WitchHutPopulator 
[2025-06-22 23:40:14] [INFO   ] Creating TW instance: gama_alta - -311153547135682143 
[2025-06-22 23:40:14] [INFO   ]  Detected world: gama_alta, commencing injection...  
[2025-06-22 23:40:14] [INFO   ] Creating TW instance: gama_alta - -311153547135682143 
[2025-06-22 23:40:14] [INFO   ] NMSChunkGenerator Delegate is of type CustomChunkGenerator 
[2025-06-22 23:40:14] [INFO   ] Post injection: getChunkSource().getChunkGenerator() is of type NMSChunkGenerator 
[2025-06-22 23:40:14] [INFO   ]  Injection success! Proceeding with generation. 
[2025-06-22 23:40:14] [INFO   ]  gama_alta loaded. 
[2025-06-25 12:41:08] [INFO   ]  Custom Logger Initialized 
[2025-06-25 12:41:08] [INFO   ] [NOTICE] TerraformGenerator will suppress the server's watchdog while generating chunks to prevent unnecessary stacktrace warnings. Unless you specifically need thewatchdog now (to take aikar timings or debug lag), you don't need to take any action. 
[2025-06-25 12:41:08] [INFO   ] It is recommended to pregenerate to reduce lag problems. 
[2025-06-25 12:41:08] [INFO   ] Watchdog Thread hooked. 
[2025-06-25 12:41:08] [INFO   ]  bStats Metrics enabled. 
[2025-06-25 12:41:08] [INFO   ]  Detected version: 1.21.4, number: 21.4 
[2025-06-25 12:41:08] [INFO   ] Unfreezing biome registry... 
[2025-06-25 12:41:08] [INFO   ] Registered custom biome: muddy_bog 
[2025-06-25 12:41:08] [INFO   ] Registered custom biome: cherry_grove 
[2025-06-25 12:41:08] [INFO   ] Registered custom biome: scarlet_forest 
[2025-06-25 12:41:08] [INFO   ] Registered custom biome: crystalline_cluster 
[2025-06-25 12:41:08] [INFO   ] Freezing biome registry 
[2025-06-25 12:41:08] [INFO   ] [Structure Registry] Registered Large Structure: VillageHousePopulator 
[2025-06-25 12:41:08] [INFO   ] [Structure Registry] Registered Large Structure: VillagePopulator 
[2025-06-25 12:41:08] [INFO   ] [Structure Registry] Registered Large Structure: OutpostPopulator 
[2025-06-25 12:41:08] [INFO   ] [Structure Registry] Registered Large Structure: PyramidPopulator 
[2025-06-25 12:41:08] [INFO   ] [Structure Registry] Registered Large Structure: MonumentPopulator 
[2025-06-25 12:41:08] [INFO   ] [Structure Registry] Registered Large Structure: StrongholdPopulator 
[2025-06-25 12:41:08] [INFO   ] [Structure Registry] Registered Large Structure: MansionPopulator 
[2025-06-25 12:41:08] [INFO   ] [Structure Registry] Registered Large Structure: AncientCityPopulator 
[2025-06-25 12:41:08] [INFO   ] [Structure Registry] Registered Large Structure: TrialChamberPopulator 
[2025-06-25 12:41:08] [INFO   ] [Structure Registry] Registered Large Structure: LargeCavePopulator 
[2025-06-25 12:41:08] [INFO   ] [Structure Registry] Registered Large Structure: MineshaftPopulator 
[2025-06-25 12:41:08] [INFO   ] [Structure Registry] Registered Large Structure: CatacombsPopulator 
[2025-06-25 12:41:08] [INFO   ] [Structure Registry] Registered Large Structure: BadlandsMinePopulator 
[2025-06-25 12:41:08] [INFO   ] [Structure Registry] Registered Large Structure: WarmOceanRuinsPopulator 
[2025-06-25 12:41:08] [INFO   ] [Structure Registry] Registered Large Structure: TrailRuinsPopulator 
[2025-06-25 12:41:08] [INFO   ] [Structure Registry] Registered Small Structure: SmallDungeonPopulator 
[2025-06-25 12:41:08] [INFO   ] [Structure Registry] Registered Small Structure: ShipwreckPopulator 
[2025-06-25 12:41:08] [INFO   ] [Structure Registry] Registered Small Structure: BuriedTreasurePopulator 
[2025-06-25 12:41:08] [INFO   ] [Structure Registry] Registered Small Structure: RuinedPortalPopulator 
[2025-06-25 12:41:08] [INFO   ] [Structure Registry] Registered Small Structure: IglooPopulator 
[2025-06-25 12:41:08] [INFO   ] [Structure Registry] Registered Small Structure: DesertWellPopulator 
[2025-06-25 12:41:08] [INFO   ] [Structure Registry] Registered Small Structure: WitchHutPopulator 
[2025-06-25 12:41:18] [INFO   ] Creating TW instance: gama_alta - -311153547135682143 
[2025-06-25 12:41:18] [INFO   ]  Detected world: gama_alta, commencing injection...  
[2025-06-25 12:41:18] [INFO   ] Creating TW instance: gama_alta - -311153547135682143 
[2025-06-25 12:41:18] [INFO   ] NMSChunkGenerator Delegate is of type CustomChunkGenerator 
[2025-06-25 12:41:18] [INFO   ] Post injection: getChunkSource().getChunkGenerator() is of type NMSChunkGenerator 
[2025-06-25 12:41:18] [INFO   ]  Injection success! Proceeding with generation. 
[2025-06-25 12:41:18] [INFO   ]  gama_alta loaded. 
[2025-06-25 12:50:24] [INFO   ]  Custom Logger Initialized 
[2025-06-25 12:50:24] [INFO   ] [NOTICE] TerraformGenerator will suppress the server's watchdog while generating chunks to prevent unnecessary stacktrace warnings. Unless you specifically need thewatchdog now (to take aikar timings or debug lag), you don't need to take any action. 
[2025-06-25 12:50:24] [INFO   ] It is recommended to pregenerate to reduce lag problems. 
[2025-06-25 12:50:24] [INFO   ] Watchdog Thread hooked. 
[2025-06-25 12:50:24] [INFO   ]  bStats Metrics enabled. 
[2025-06-25 12:50:24] [INFO   ]  Detected version: 1.21.4, number: 21.4 
[2025-06-25 12:50:24] [INFO   ] Unfreezing biome registry... 
[2025-06-25 12:50:24] [INFO   ] Registered custom biome: muddy_bog 
[2025-06-25 12:50:24] [INFO   ] Registered custom biome: cherry_grove 
[2025-06-25 12:50:24] [INFO   ] Registered custom biome: scarlet_forest 
[2025-06-25 12:50:24] [INFO   ] Registered custom biome: crystalline_cluster 
[2025-06-25 12:50:24] [INFO   ] Freezing biome registry 
[2025-06-25 12:50:24] [INFO   ] [Structure Registry] Registered Large Structure: VillageHousePopulator 
[2025-06-25 12:50:24] [INFO   ] [Structure Registry] Registered Large Structure: VillagePopulator 
[2025-06-25 12:50:24] [INFO   ] [Structure Registry] Registered Large Structure: OutpostPopulator 
[2025-06-25 12:50:24] [INFO   ] [Structure Registry] Registered Large Structure: PyramidPopulator 
[2025-06-25 12:50:24] [INFO   ] [Structure Registry] Registered Large Structure: MonumentPopulator 
[2025-06-25 12:50:24] [INFO   ] [Structure Registry] Registered Large Structure: StrongholdPopulator 
[2025-06-25 12:50:24] [INFO   ] [Structure Registry] Registered Large Structure: MansionPopulator 
[2025-06-25 12:50:24] [INFO   ] [Structure Registry] Registered Large Structure: AncientCityPopulator 
[2025-06-25 12:50:24] [INFO   ] [Structure Registry] Registered Large Structure: TrialChamberPopulator 
[2025-06-25 12:50:24] [INFO   ] [Structure Registry] Registered Large Structure: LargeCavePopulator 
[2025-06-25 12:50:24] [INFO   ] [Structure Registry] Registered Large Structure: MineshaftPopulator 
[2025-06-25 12:50:24] [INFO   ] [Structure Registry] Registered Large Structure: CatacombsPopulator 
[2025-06-25 12:50:24] [INFO   ] [Structure Registry] Registered Large Structure: BadlandsMinePopulator 
[2025-06-25 12:50:24] [INFO   ] [Structure Registry] Registered Large Structure: WarmOceanRuinsPopulator 
[2025-06-25 12:50:24] [INFO   ] [Structure Registry] Registered Large Structure: TrailRuinsPopulator 
[2025-06-25 12:50:24] [INFO   ] [Structure Registry] Registered Small Structure: SmallDungeonPopulator 
[2025-06-25 12:50:24] [INFO   ] [Structure Registry] Registered Small Structure: ShipwreckPopulator 
[2025-06-25 12:50:24] [INFO   ] [Structure Registry] Registered Small Structure: BuriedTreasurePopulator 
[2025-06-25 12:50:24] [INFO   ] [Structure Registry] Registered Small Structure: RuinedPortalPopulator 
[2025-06-25 12:50:24] [INFO   ] [Structure Registry] Registered Small Structure: IglooPopulator 
[2025-06-25 12:50:24] [INFO   ] [Structure Registry] Registered Small Structure: DesertWellPopulator 
[2025-06-25 12:50:24] [INFO   ] [Structure Registry] Registered Small Structure: WitchHutPopulator 
[2025-06-25 12:50:33] [INFO   ] Creating TW instance: gama_alta - -311153547135682143 
[2025-06-25 12:50:33] [INFO   ]  Detected world: gama_alta, commencing injection...  
[2025-06-25 12:50:33] [INFO   ] Creating TW instance: gama_alta - -311153547135682143 
[2025-06-25 12:50:33] [INFO   ] NMSChunkGenerator Delegate is of type CustomChunkGenerator 
[2025-06-25 12:50:33] [INFO   ] Post injection: getChunkSource().getChunkGenerator() is of type NMSChunkGenerator 
[2025-06-25 12:50:33] [INFO   ]  Injection success! Proceeding with generation. 
[2025-06-25 12:50:33] [INFO   ]  gama_alta loaded. 
[2025-06-25 23:13:02] [INFO   ]  Custom Logger Initialized 
[2025-06-25 23:13:02] [INFO   ] [NOTICE] TerraformGenerator will suppress the server's watchdog while generating chunks to prevent unnecessary stacktrace warnings. Unless you specifically need thewatchdog now (to take aikar timings or debug lag), you don't need to take any action. 
[2025-06-25 23:13:02] [INFO   ] It is recommended to pregenerate to reduce lag problems. 
[2025-06-25 23:13:02] [INFO   ] Watchdog Thread hooked. 
[2025-06-25 23:13:02] [INFO   ]  bStats Metrics enabled. 
[2025-06-25 23:13:02] [INFO   ]  Detected version: 1.21.4, number: 21.4 
[2025-06-25 23:13:02] [INFO   ] Unfreezing biome registry... 
[2025-06-25 23:13:02] [INFO   ] Registered custom biome: muddy_bog 
[2025-06-25 23:13:02] [INFO   ] Registered custom biome: cherry_grove 
[2025-06-25 23:13:02] [INFO   ] Registered custom biome: scarlet_forest 
[2025-06-25 23:13:02] [INFO   ] Registered custom biome: crystalline_cluster 
[2025-06-25 23:13:02] [INFO   ] Freezing biome registry 
[2025-06-25 23:13:02] [INFO   ] [Structure Registry] Registered Large Structure: VillageHousePopulator 
[2025-06-25 23:13:02] [INFO   ] [Structure Registry] Registered Large Structure: VillagePopulator 
[2025-06-25 23:13:02] [INFO   ] [Structure Registry] Registered Large Structure: OutpostPopulator 
[2025-06-25 23:13:02] [INFO   ] [Structure Registry] Registered Large Structure: PyramidPopulator 
[2025-06-25 23:13:02] [INFO   ] [Structure Registry] Registered Large Structure: MonumentPopulator 
[2025-06-25 23:13:02] [INFO   ] [Structure Registry] Registered Large Structure: StrongholdPopulator 
[2025-06-25 23:13:02] [INFO   ] [Structure Registry] Registered Large Structure: MansionPopulator 
[2025-06-25 23:13:02] [INFO   ] [Structure Registry] Registered Large Structure: AncientCityPopulator 
[2025-06-25 23:13:02] [INFO   ] [Structure Registry] Registered Large Structure: TrialChamberPopulator 
[2025-06-25 23:13:02] [INFO   ] [Structure Registry] Registered Large Structure: LargeCavePopulator 
[2025-06-25 23:13:02] [INFO   ] [Structure Registry] Registered Large Structure: MineshaftPopulator 
[2025-06-25 23:13:02] [INFO   ] [Structure Registry] Registered Large Structure: CatacombsPopulator 
[2025-06-25 23:13:02] [INFO   ] [Structure Registry] Registered Large Structure: BadlandsMinePopulator 
[2025-06-25 23:13:02] [INFO   ] [Structure Registry] Registered Large Structure: WarmOceanRuinsPopulator 
[2025-06-25 23:13:02] [INFO   ] [Structure Registry] Registered Large Structure: TrailRuinsPopulator 
[2025-06-25 23:13:02] [INFO   ] [Structure Registry] Registered Small Structure: SmallDungeonPopulator 
[2025-06-25 23:13:02] [INFO   ] [Structure Registry] Registered Small Structure: ShipwreckPopulator 
[2025-06-25 23:13:02] [INFO   ] [Structure Registry] Registered Small Structure: BuriedTreasurePopulator 
[2025-06-25 23:13:02] [INFO   ] [Structure Registry] Registered Small Structure: RuinedPortalPopulator 
[2025-06-25 23:13:02] [INFO   ] [Structure Registry] Registered Small Structure: IglooPopulator 
[2025-06-25 23:13:02] [INFO   ] [Structure Registry] Registered Small Structure: DesertWellPopulator 
[2025-06-25 23:13:02] [INFO   ] [Structure Registry] Registered Small Structure: WitchHutPopulator 
[2025-06-25 23:13:15] [INFO   ] Creating TW instance: gama_alta - -311153547135682143 
[2025-06-25 23:13:15] [INFO   ]  Detected world: gama_alta, commencing injection...  
[2025-06-25 23:13:15] [INFO   ] Creating TW instance: gama_alta - -311153547135682143 
[2025-06-25 23:13:15] [INFO   ] NMSChunkGenerator Delegate is of type CustomChunkGenerator 
[2025-06-25 23:13:15] [INFO   ] Post injection: getChunkSource().getChunkGenerator() is of type NMSChunkGenerator 
[2025-06-25 23:13:15] [INFO   ]  Injection success! Proceeding with generation. 
[2025-06-25 23:13:15] [INFO   ]  gama_alta loaded. 
[2025-06-25 23:43:54] [INFO   ]  Custom Logger Initialized 
[2025-06-25 23:43:54] [INFO   ] [NOTICE] TerraformGenerator will suppress the server's watchdog while generating chunks to prevent unnecessary stacktrace warnings. Unless you specifically need thewatchdog now (to take aikar timings or debug lag), you don't need to take any action. 
[2025-06-25 23:43:54] [INFO   ] It is recommended to pregenerate to reduce lag problems. 
[2025-06-25 23:43:54] [INFO   ] Watchdog Thread hooked. 
[2025-06-25 23:43:54] [INFO   ]  bStats Metrics enabled. 
[2025-06-25 23:43:54] [INFO   ]  Detected version: 1.21.4, number: 21.4 
[2025-06-25 23:43:54] [INFO   ] Unfreezing biome registry... 
[2025-06-25 23:43:54] [INFO   ] Registered custom biome: muddy_bog 
[2025-06-25 23:43:54] [INFO   ] Registered custom biome: cherry_grove 
[2025-06-25 23:43:54] [INFO   ] Registered custom biome: scarlet_forest 
[2025-06-25 23:43:54] [INFO   ] Registered custom biome: crystalline_cluster 
[2025-06-25 23:43:54] [INFO   ] Freezing biome registry 
[2025-06-25 23:43:54] [INFO   ] [Structure Registry] Registered Large Structure: VillageHousePopulator 
[2025-06-25 23:43:54] [INFO   ] [Structure Registry] Registered Large Structure: VillagePopulator 
[2025-06-25 23:43:54] [INFO   ] [Structure Registry] Registered Large Structure: OutpostPopulator 
[2025-06-25 23:43:54] [INFO   ] [Structure Registry] Registered Large Structure: PyramidPopulator 
[2025-06-25 23:43:54] [INFO   ] [Structure Registry] Registered Large Structure: MonumentPopulator 
[2025-06-25 23:43:54] [INFO   ] [Structure Registry] Registered Large Structure: StrongholdPopulator 
[2025-06-25 23:43:54] [INFO   ] [Structure Registry] Registered Large Structure: MansionPopulator 
[2025-06-25 23:43:54] [INFO   ] [Structure Registry] Registered Large Structure: AncientCityPopulator 
[2025-06-25 23:43:54] [INFO   ] [Structure Registry] Registered Large Structure: TrialChamberPopulator 
[2025-06-25 23:43:54] [INFO   ] [Structure Registry] Registered Large Structure: LargeCavePopulator 
[2025-06-25 23:43:54] [INFO   ] [Structure Registry] Registered Large Structure: MineshaftPopulator 
[2025-06-25 23:43:54] [INFO   ] [Structure Registry] Registered Large Structure: CatacombsPopulator 
[2025-06-25 23:43:54] [INFO   ] [Structure Registry] Registered Large Structure: BadlandsMinePopulator 
[2025-06-25 23:43:54] [INFO   ] [Structure Registry] Registered Large Structure: WarmOceanRuinsPopulator 
[2025-06-25 23:43:54] [INFO   ] [Structure Registry] Registered Large Structure: TrailRuinsPopulator 
[2025-06-25 23:43:54] [INFO   ] [Structure Registry] Registered Small Structure: SmallDungeonPopulator 
[2025-06-25 23:43:54] [INFO   ] [Structure Registry] Registered Small Structure: ShipwreckPopulator 
[2025-06-25 23:43:54] [INFO   ] [Structure Registry] Registered Small Structure: BuriedTreasurePopulator 
[2025-06-25 23:43:54] [INFO   ] [Structure Registry] Registered Small Structure: RuinedPortalPopulator 
[2025-06-25 23:43:54] [INFO   ] [Structure Registry] Registered Small Structure: IglooPopulator 
[2025-06-25 23:43:54] [INFO   ] [Structure Registry] Registered Small Structure: DesertWellPopulator 
[2025-06-25 23:43:54] [INFO   ] [Structure Registry] Registered Small Structure: WitchHutPopulator 
[2025-06-25 23:44:01] [INFO   ] Creating TW instance: gama_alta - -311153547135682143 
[2025-06-25 23:44:01] [INFO   ]  Detected world: gama_alta, commencing injection...  
[2025-06-25 23:44:01] [INFO   ] Creating TW instance: gama_alta - -311153547135682143 
[2025-06-25 23:44:01] [INFO   ] NMSChunkGenerator Delegate is of type CustomChunkGenerator 
[2025-06-25 23:44:01] [INFO   ] Post injection: getChunkSource().getChunkGenerator() is of type NMSChunkGenerator 
[2025-06-25 23:44:01] [INFO   ]  Injection success! Proceeding with generation. 
[2025-06-25 23:44:01] [INFO   ]  gama_alta loaded. 
[2025-06-25 23:50:24] [INFO   ]  Custom Logger Initialized 
[2025-06-25 23:50:24] [INFO   ] [NOTICE] TerraformGenerator will suppress the server's watchdog while generating chunks to prevent unnecessary stacktrace warnings. Unless you specifically need thewatchdog now (to take aikar timings or debug lag), you don't need to take any action. 
[2025-06-25 23:50:24] [INFO   ] It is recommended to pregenerate to reduce lag problems. 
[2025-06-25 23:50:24] [INFO   ] Watchdog Thread hooked. 
[2025-06-25 23:50:24] [INFO   ]  bStats Metrics enabled. 
[2025-06-25 23:50:24] [INFO   ]  Detected version: 1.21.4, number: 21.4 
[2025-06-25 23:50:24] [INFO   ] Unfreezing biome registry... 
[2025-06-25 23:50:24] [INFO   ] Registered custom biome: muddy_bog 
[2025-06-25 23:50:24] [INFO   ] Registered custom biome: cherry_grove 
[2025-06-25 23:50:24] [INFO   ] Registered custom biome: scarlet_forest 
[2025-06-25 23:50:24] [INFO   ] Registered custom biome: crystalline_cluster 
[2025-06-25 23:50:24] [INFO   ] Freezing biome registry 
[2025-06-25 23:50:24] [INFO   ] [Structure Registry] Registered Large Structure: VillageHousePopulator 
[2025-06-25 23:50:24] [INFO   ] [Structure Registry] Registered Large Structure: VillagePopulator 
[2025-06-25 23:50:24] [INFO   ] [Structure Registry] Registered Large Structure: OutpostPopulator 
[2025-06-25 23:50:24] [INFO   ] [Structure Registry] Registered Large Structure: PyramidPopulator 
[2025-06-25 23:50:24] [INFO   ] [Structure Registry] Registered Large Structure: MonumentPopulator 
[2025-06-25 23:50:24] [INFO   ] [Structure Registry] Registered Large Structure: StrongholdPopulator 
[2025-06-25 23:50:24] [INFO   ] [Structure Registry] Registered Large Structure: MansionPopulator 
[2025-06-25 23:50:24] [INFO   ] [Structure Registry] Registered Large Structure: AncientCityPopulator 
[2025-06-25 23:50:24] [INFO   ] [Structure Registry] Registered Large Structure: TrialChamberPopulator 
[2025-06-25 23:50:24] [INFO   ] [Structure Registry] Registered Large Structure: LargeCavePopulator 
[2025-06-25 23:50:24] [INFO   ] [Structure Registry] Registered Large Structure: MineshaftPopulator 
[2025-06-25 23:50:24] [INFO   ] [Structure Registry] Registered Large Structure: CatacombsPopulator 
[2025-06-25 23:50:24] [INFO   ] [Structure Registry] Registered Large Structure: BadlandsMinePopulator 
[2025-06-25 23:50:24] [INFO   ] [Structure Registry] Registered Large Structure: WarmOceanRuinsPopulator 
[2025-06-25 23:50:24] [INFO   ] [Structure Registry] Registered Large Structure: TrailRuinsPopulator 
[2025-06-25 23:50:24] [INFO   ] [Structure Registry] Registered Small Structure: SmallDungeonPopulator 
[2025-06-25 23:50:24] [INFO   ] [Structure Registry] Registered Small Structure: ShipwreckPopulator 
[2025-06-25 23:50:24] [INFO   ] [Structure Registry] Registered Small Structure: BuriedTreasurePopulator 
[2025-06-25 23:50:24] [INFO   ] [Structure Registry] Registered Small Structure: RuinedPortalPopulator 
[2025-06-25 23:50:24] [INFO   ] [Structure Registry] Registered Small Structure: IglooPopulator 
[2025-06-25 23:50:24] [INFO   ] [Structure Registry] Registered Small Structure: DesertWellPopulator 
[2025-06-25 23:50:24] [INFO   ] [Structure Registry] Registered Small Structure: WitchHutPopulator 
[2025-06-25 23:50:31] [INFO   ] Creating TW instance: gama_alta - -311153547135682143 
[2025-06-25 23:50:31] [INFO   ]  Detected world: gama_alta, commencing injection...  
[2025-06-25 23:50:31] [INFO   ] Creating TW instance: gama_alta - -311153547135682143 
[2025-06-25 23:50:31] [INFO   ] NMSChunkGenerator Delegate is of type CustomChunkGenerator 
[2025-06-25 23:50:31] [INFO   ] Post injection: getChunkSource().getChunkGenerator() is of type NMSChunkGenerator 
[2025-06-25 23:50:31] [INFO   ]  Injection success! Proceeding with generation. 
[2025-06-25 23:50:31] [INFO   ]  gama_alta loaded. 
[2025-07-01 04:30:51] [INFO   ]  Custom Logger Initialized 
[2025-07-01 04:30:52] [INFO   ] [NOTICE] TerraformGenerator will suppress the server's watchdog while generating chunks to prevent unnecessary stacktrace warnings. Unless you specifically need thewatchdog now (to take aikar timings or debug lag), you don't need to take any action. 
[2025-07-01 04:30:52] [INFO   ] It is recommended to pregenerate to reduce lag problems. 
[2025-07-01 04:30:52] [INFO   ] Watchdog Thread hooked. 
[2025-07-01 04:30:52] [INFO   ]  bStats Metrics enabled. 
[2025-07-01 04:30:52] [INFO   ]  Detected version: 1.21.4, number: 21.4 
[2025-07-01 04:30:52] [INFO   ] Unfreezing biome registry... 
[2025-07-01 04:30:52] [INFO   ] Registered custom biome: muddy_bog 
[2025-07-01 04:30:52] [INFO   ] Registered custom biome: cherry_grove 
[2025-07-01 04:30:52] [INFO   ] Registered custom biome: scarlet_forest 
[2025-07-01 04:30:52] [INFO   ] Registered custom biome: crystalline_cluster 
[2025-07-01 04:30:52] [INFO   ] Freezing biome registry 
[2025-07-01 04:30:52] [INFO   ] [Structure Registry] Registered Large Structure: VillageHousePopulator 
[2025-07-01 04:30:52] [INFO   ] [Structure Registry] Registered Large Structure: VillagePopulator 
[2025-07-01 04:30:52] [INFO   ] [Structure Registry] Registered Large Structure: OutpostPopulator 
[2025-07-01 04:30:52] [INFO   ] [Structure Registry] Registered Large Structure: PyramidPopulator 
[2025-07-01 04:30:52] [INFO   ] [Structure Registry] Registered Large Structure: MonumentPopulator 
[2025-07-01 04:30:52] [INFO   ] [Structure Registry] Registered Large Structure: StrongholdPopulator 
[2025-07-01 04:30:52] [INFO   ] [Structure Registry] Registered Large Structure: MansionPopulator 
[2025-07-01 04:30:52] [INFO   ] [Structure Registry] Registered Large Structure: AncientCityPopulator 
[2025-07-01 04:30:52] [INFO   ] [Structure Registry] Registered Large Structure: TrialChamberPopulator 
[2025-07-01 04:30:52] [INFO   ] [Structure Registry] Registered Large Structure: LargeCavePopulator 
[2025-07-01 04:30:52] [INFO   ] [Structure Registry] Registered Large Structure: MineshaftPopulator 
[2025-07-01 04:30:52] [INFO   ] [Structure Registry] Registered Large Structure: CatacombsPopulator 
[2025-07-01 04:30:52] [INFO   ] [Structure Registry] Registered Large Structure: BadlandsMinePopulator 
[2025-07-01 04:30:52] [INFO   ] [Structure Registry] Registered Large Structure: WarmOceanRuinsPopulator 
[2025-07-01 04:30:52] [INFO   ] [Structure Registry] Registered Large Structure: TrailRuinsPopulator 
[2025-07-01 04:30:52] [INFO   ] [Structure Registry] Registered Small Structure: SmallDungeonPopulator 
[2025-07-01 04:30:52] [INFO   ] [Structure Registry] Registered Small Structure: ShipwreckPopulator 
[2025-07-01 04:30:52] [INFO   ] [Structure Registry] Registered Small Structure: BuriedTreasurePopulator 
[2025-07-01 04:30:52] [INFO   ] [Structure Registry] Registered Small Structure: RuinedPortalPopulator 
[2025-07-01 04:30:52] [INFO   ] [Structure Registry] Registered Small Structure: IglooPopulator 
[2025-07-01 04:30:52] [INFO   ] [Structure Registry] Registered Small Structure: DesertWellPopulator 
[2025-07-01 04:30:52] [INFO   ] [Structure Registry] Registered Small Structure: WitchHutPopulator 
[2025-07-01 04:31:03] [INFO   ] Creating TW instance: gama_alta - -311153547135682143 
[2025-07-01 04:31:03] [INFO   ]  Detected world: gama_alta, commencing injection...  
[2025-07-01 04:31:03] [INFO   ] Creating TW instance: gama_alta - -311153547135682143 
[2025-07-01 04:31:03] [INFO   ] NMSChunkGenerator Delegate is of type CustomChunkGenerator 
[2025-07-01 04:31:03] [INFO   ] Post injection: getChunkSource().getChunkGenerator() is of type NMSChunkGenerator 
[2025-07-01 04:31:03] [INFO   ]  Injection success! Proceeding with generation. 
[2025-07-01 04:31:03] [INFO   ]  gama_alta loaded. 
[2025-07-01 04:35:56] [INFO   ] Will spawn stronghold at: CoordPair[x=46, z=1407] 
[2025-07-01 04:35:58] [INFO   ] Spawning MossyCavePopulator at -3136,22,1824 
[2025-07-01 04:35:58] [INFO   ] Spawning DeepCavePopulator at -3134,-33,1824 
[2025-07-01 04:35:58] [INFO   ] Spawning DripstoneClusterCavePopulator at -3136,48,1920 
[2025-07-01 04:35:58] [INFO   ] Spawning CrystallineClusterCavePopulator at -3182,13,1892 
[2025-07-01 04:35:58] [INFO   ] Spawning CaveFluidClusterPopulator at -3120,49,1920 
[2025-07-01 04:36:00] [INFO   ] Registered: org.terraform.structure.mineshaft.CaveSpiderDenPopulator at -2798 25 1814 in a room of size 13x15 
[2025-07-01 04:36:00] [INFO   ] Registered: org.terraform.structure.mineshaft.SmeltingHallPopulator at -2691 25 1885 in a room of size 14x14 
[2025-07-01 04:36:00] [INFO   ] Registered: org.terraform.structure.mineshaft.CaveSpiderDenPopulator at -2689 25 1869 in a room of size 14x14 
[2025-07-01 04:36:00] [INFO   ] Registered: org.terraform.structure.mineshaft.SmeltingHallPopulator at -2817 25 1849 in a room of size 13x15 
[2025-07-01 04:36:00] [INFO   ] Registered: org.terraform.structure.mineshaft.CaveSpiderDenPopulator at -2684 25 1826 in a room of size 14x13 
[2025-07-01 04:36:00] [INFO   ] Registered: org.terraform.structure.mineshaft.CaveSpiderDenPopulator at -2739 25 1865 in a room of size 15x14 
[2025-07-01 04:36:00] [INFO   ] Registered: org.terraform.structure.mineshaft.SmeltingHallPopulator at -2753 25 1817 in a room of size 15x14 
[2025-07-01 04:36:00] [INFO   ] Registered: org.terraform.structure.mineshaft.SmeltingHallPopulator at -2789 25 1789 in a room of size 13x14 
[2025-07-01 04:36:00] [INFO   ] Registered: org.terraform.structure.mineshaft.SmeltingHallPopulator at -2777 25 1835 in a room of size 13x13 
[2025-07-01 04:36:00] [INFO   ] Spawning LushClusterCavePopulator at -3072,23,1856 
[2025-07-01 04:36:03] [INFO   ] Falling back to NMS bee spawning (addEntity api not present) 
[2025-07-01 04:36:03] [INFO   ] Generating org.terraform.structure.small.dungeon.SmallDungeonPopulator at chunk: -199,111 
[2025-07-01 04:36:03] [INFO   ] Spawning Underground Dungeon at -3180,31,1789 
[2025-07-01 04:36:04] [INFO   ] Spawning ForestedMountainsCavePopulator at -3136,24,2031 
[2025-07-01 04:36:05] [INFO   ] Generating org.terraform.structure.small.ruinedportal.RuinedPortalPopulator at chunk: -199,109 
[2025-07-01 04:36:06] [INFO   ] Generating org.terraform.structure.trialchamber.TrialChamberPopulator at chunk: -204,116 
[2025-07-01 04:36:08] [INFO   ] Large Cave at -2752,17,2368 has water level > -29 with populator LargeLushCavePopulator 
[2025-07-01 04:36:09] [INFO   ] Spawning ancient city at: -3264,-13,2368 
[2025-07-01 04:36:09] [INFO   ] Registered: org.terraform.structure.ancientcity.AncientCityAltarPopulator at -3289 -13 2427 in a room of size 21x22 
[2025-07-01 04:36:09] [INFO   ] Registered: org.terraform.structure.ancientcity.AncientCityAltarPopulator at -3236 -13 2339 in a room of size 20x21 
[2025-07-01 04:36:09] [INFO   ] Registered: org.terraform.structure.ancientcity.AncientCityCenterPlatformPopulator at -3256 -13 2376 in a room of size 46x46 
[2025-07-01 04:36:09] [INFO   ] Registered: org.terraform.structure.ancientcity.AncientCityAltarPopulator at -3321 -13 2318 in a room of size 23x16 
[2025-07-01 04:36:09] [INFO   ] Registered: org.terraform.structure.ancientcity.AncientCitySchematicPlatform at -3297 -13 2353 in a room of size 26x25 
[2025-07-01 04:36:09] [INFO   ] Registered: org.terraform.structure.ancientcity.AncientCityRuinsPlatform at -3211 -13 2413 in a room of size 22x17 
[2025-07-01 04:36:09] [INFO   ] Registered: org.terraform.structure.ancientcity.AncientCitySchematicPlatform at -3294 -13 2378 in a room of size 25x16 
[2025-07-01 04:36:09] [INFO   ] Registered: org.terraform.structure.ancientcity.AncientCitySchematicPlatform at -3268 -13 2332 in a room of size 26x26 
[2025-07-01 04:36:09] [INFO   ] Registered: org.terraform.structure.ancientcity.AncientCitySchematicPlatform at -3270 -13 2308 in a room of size 26x22 
[2025-07-01 04:36:09] [INFO   ] Registered: org.terraform.structure.ancientcity.AncientCitySchematicPlatform at -3243 -13 2317 in a room of size 24x19 
[2025-07-01 04:36:09] [INFO   ] Registered: org.terraform.structure.ancientcity.AncientCitySchematicPlatform at -3217 -13 2372 in a room of size 19x22 
[2025-07-01 04:36:09] [INFO   ] Registered: org.terraform.structure.ancientcity.AncientCityAltarPopulator at -3209 -13 2321 in a room of size 19x24 
[2025-07-01 04:36:09] [INFO   ] Registered: org.terraform.structure.ancientcity.AncientCitySchematicPlatform at -3243 -13 2420 in a room of size 25x17 
[2025-07-01 04:36:09] [INFO   ] Registered: org.terraform.structure.ancientcity.AncientCityAltarPopulator at -3320 -13 2383 in a room of size 23x23 
[2025-07-01 05:12:46] [INFO   ]  Custom Logger Initialized 
[2025-07-01 05:12:46] [INFO   ] [NOTICE] TerraformGenerator will suppress the server's watchdog while generating chunks to prevent unnecessary stacktrace warnings. Unless you specifically need thewatchdog now (to take aikar timings or debug lag), you don't need to take any action. 
[2025-07-01 05:12:46] [INFO   ] It is recommended to pregenerate to reduce lag problems. 
[2025-07-01 05:12:46] [INFO   ] Watchdog Thread hooked. 
[2025-07-01 05:12:46] [INFO   ]  bStats Metrics enabled. 
[2025-07-01 05:12:46] [INFO   ]  Detected version: 1.21.4, number: 21.4 
[2025-07-01 05:12:46] [INFO   ] Unfreezing biome registry... 
[2025-07-01 05:12:46] [INFO   ] Registered custom biome: muddy_bog 
[2025-07-01 05:12:46] [INFO   ] Registered custom biome: cherry_grove 
[2025-07-01 05:12:46] [INFO   ] Registered custom biome: scarlet_forest 
[2025-07-01 05:12:46] [INFO   ] Registered custom biome: crystalline_cluster 
[2025-07-01 05:12:46] [INFO   ] Freezing biome registry 
[2025-07-01 05:12:47] [INFO   ] [Structure Registry] Registered Large Structure: VillageHousePopulator 
[2025-07-01 05:12:47] [INFO   ] [Structure Registry] Registered Large Structure: VillagePopulator 
[2025-07-01 05:12:47] [INFO   ] [Structure Registry] Registered Large Structure: OutpostPopulator 
[2025-07-01 05:12:47] [INFO   ] [Structure Registry] Registered Large Structure: PyramidPopulator 
[2025-07-01 05:12:47] [INFO   ] [Structure Registry] Registered Large Structure: MonumentPopulator 
[2025-07-01 05:12:47] [INFO   ] [Structure Registry] Registered Large Structure: StrongholdPopulator 
[2025-07-01 05:12:47] [INFO   ] [Structure Registry] Registered Large Structure: MansionPopulator 
[2025-07-01 05:12:47] [INFO   ] [Structure Registry] Registered Large Structure: AncientCityPopulator 
[2025-07-01 05:12:47] [INFO   ] [Structure Registry] Registered Large Structure: TrialChamberPopulator 
[2025-07-01 05:12:47] [INFO   ] [Structure Registry] Registered Large Structure: LargeCavePopulator 
[2025-07-01 05:12:47] [INFO   ] [Structure Registry] Registered Large Structure: MineshaftPopulator 
[2025-07-01 05:12:47] [INFO   ] [Structure Registry] Registered Large Structure: CatacombsPopulator 
[2025-07-01 05:12:47] [INFO   ] [Structure Registry] Registered Large Structure: BadlandsMinePopulator 
[2025-07-01 05:12:47] [INFO   ] [Structure Registry] Registered Large Structure: WarmOceanRuinsPopulator 
[2025-07-01 05:12:47] [INFO   ] [Structure Registry] Registered Large Structure: TrailRuinsPopulator 
[2025-07-01 05:12:47] [INFO   ] [Structure Registry] Registered Small Structure: SmallDungeonPopulator 
[2025-07-01 05:12:47] [INFO   ] [Structure Registry] Registered Small Structure: ShipwreckPopulator 
[2025-07-01 05:12:47] [INFO   ] [Structure Registry] Registered Small Structure: BuriedTreasurePopulator 
[2025-07-01 05:12:47] [INFO   ] [Structure Registry] Registered Small Structure: RuinedPortalPopulator 
[2025-07-01 05:12:47] [INFO   ] [Structure Registry] Registered Small Structure: IglooPopulator 
[2025-07-01 05:12:47] [INFO   ] [Structure Registry] Registered Small Structure: DesertWellPopulator 
[2025-07-01 05:12:47] [INFO   ] [Structure Registry] Registered Small Structure: WitchHutPopulator 
[2025-07-01 05:12:53] [INFO   ] Creating TW instance: gama_alta - -311153547135682143 
[2025-07-01 05:12:53] [INFO   ]  Detected world: gama_alta, commencing injection...  
[2025-07-01 05:12:53] [INFO   ] Creating TW instance: gama_alta - -311153547135682143 
[2025-07-01 05:12:53] [INFO   ] NMSChunkGenerator Delegate is of type CustomChunkGenerator 
[2025-07-01 05:12:53] [INFO   ] Post injection: getChunkSource().getChunkGenerator() is of type NMSChunkGenerator 
[2025-07-01 05:12:53] [INFO   ]  Injection success! Proceeding with generation. 
[2025-07-01 05:12:54] [INFO   ]  gama_alta loaded. 
[2025-07-12 16:42:49] [INFO   ]  Custom Logger Initialized 
[2025-07-12 16:42:49] [INFO   ] [NOTICE] TerraformGenerator will suppress the server's watchdog while generating chunks to prevent unnecessary stacktrace warnings. Unless you specifically need thewatchdog now (to take aikar timings or debug lag), you don't need to take any action. 
[2025-07-12 16:42:49] [INFO   ] It is recommended to pregenerate to reduce lag problems. 
[2025-07-12 16:42:49] [INFO   ] Watchdog Thread hooked. 
[2025-07-12 16:42:49] [INFO   ]  bStats Metrics enabled. 
[2025-07-12 16:42:49] [INFO   ]  Detected version: 1.21.4, number: 21.4 
[2025-07-12 16:42:49] [INFO   ] Unfreezing biome registry... 
[2025-07-12 16:42:49] [INFO   ] Registered custom biome: muddy_bog 
[2025-07-12 16:42:49] [INFO   ] Registered custom biome: cherry_grove 
[2025-07-12 16:42:49] [INFO   ] Registered custom biome: scarlet_forest 
[2025-07-12 16:42:49] [INFO   ] Registered custom biome: crystalline_cluster 
[2025-07-12 16:42:49] [INFO   ] Freezing biome registry 
[2025-07-12 16:42:49] [INFO   ] [Structure Registry] Registered Large Structure: VillageHousePopulator 
[2025-07-12 16:42:49] [INFO   ] [Structure Registry] Registered Large Structure: VillagePopulator 
[2025-07-12 16:42:49] [INFO   ] [Structure Registry] Registered Large Structure: OutpostPopulator 
[2025-07-12 16:42:49] [INFO   ] [Structure Registry] Registered Large Structure: PyramidPopulator 
[2025-07-12 16:42:49] [INFO   ] [Structure Registry] Registered Large Structure: MonumentPopulator 
[2025-07-12 16:42:49] [INFO   ] [Structure Registry] Registered Large Structure: StrongholdPopulator 
[2025-07-12 16:42:49] [INFO   ] [Structure Registry] Registered Large Structure: MansionPopulator 
[2025-07-12 16:42:49] [INFO   ] [Structure Registry] Registered Large Structure: AncientCityPopulator 
[2025-07-12 16:42:49] [INFO   ] [Structure Registry] Registered Large Structure: TrialChamberPopulator 
[2025-07-12 16:42:49] [INFO   ] [Structure Registry] Registered Large Structure: LargeCavePopulator 
[2025-07-12 16:42:49] [INFO   ] [Structure Registry] Registered Large Structure: MineshaftPopulator 
[2025-07-12 16:42:49] [INFO   ] [Structure Registry] Registered Large Structure: CatacombsPopulator 
[2025-07-12 16:42:49] [INFO   ] [Structure Registry] Registered Large Structure: BadlandsMinePopulator 
[2025-07-12 16:42:49] [INFO   ] [Structure Registry] Registered Large Structure: WarmOceanRuinsPopulator 
[2025-07-12 16:42:49] [INFO   ] [Structure Registry] Registered Large Structure: TrailRuinsPopulator 
[2025-07-12 16:42:49] [INFO   ] [Structure Registry] Registered Small Structure: SmallDungeonPopulator 
[2025-07-12 16:42:49] [INFO   ] [Structure Registry] Registered Small Structure: ShipwreckPopulator 
[2025-07-12 16:42:49] [INFO   ] [Structure Registry] Registered Small Structure: BuriedTreasurePopulator 
[2025-07-12 16:42:49] [INFO   ] [Structure Registry] Registered Small Structure: RuinedPortalPopulator 
[2025-07-12 16:42:49] [INFO   ] [Structure Registry] Registered Small Structure: IglooPopulator 
[2025-07-12 16:42:49] [INFO   ] [Structure Registry] Registered Small Structure: DesertWellPopulator 
[2025-07-12 16:42:49] [INFO   ] [Structure Registry] Registered Small Structure: WitchHutPopulator 
[2025-07-12 16:42:57] [INFO   ] Creating TW instance: gama_alta - -311153547135682143 
[2025-07-12 16:42:57] [INFO   ]  Detected world: gama_alta, commencing injection...  
[2025-07-12 16:42:57] [INFO   ] Creating TW instance: gama_alta - -311153547135682143 
[2025-07-12 16:42:57] [INFO   ] NMSChunkGenerator Delegate is of type CustomChunkGenerator 
[2025-07-12 16:42:57] [INFO   ] Post injection: getChunkSource().getChunkGenerator() is of type NMSChunkGenerator 
[2025-07-12 16:42:57] [INFO   ]  Injection success! Proceeding with generation. 
[2025-07-12 16:42:57] [INFO   ]  gama_alta loaded. 
[2025-07-18 22:58:17] [INFO   ]  Custom Logger Initialized 
[2025-07-18 22:58:17] [INFO   ] [NOTICE] TerraformGenerator will suppress the server's watchdog while generating chunks to prevent unnecessary stacktrace warnings. Unless you specifically need thewatchdog now (to take aikar timings or debug lag), you don't need to take any action. 
[2025-07-18 22:58:17] [INFO   ] It is recommended to pregenerate to reduce lag problems. 
[2025-07-18 22:58:17] [INFO   ] Watchdog Thread hooked. 
[2025-07-18 22:58:17] [INFO   ]  bStats Metrics enabled. 
[2025-07-18 22:58:17] [INFO   ]  Detected version: 1.21.4, number: 21.4 
[2025-07-18 22:58:17] [INFO   ] Unfreezing biome registry... 
[2025-07-18 22:58:17] [INFO   ] Registered custom biome: muddy_bog 
[2025-07-18 22:58:17] [INFO   ] Registered custom biome: cherry_grove 
[2025-07-18 22:58:17] [INFO   ] Registered custom biome: scarlet_forest 
[2025-07-18 22:58:17] [INFO   ] Registered custom biome: crystalline_cluster 
[2025-07-18 22:58:17] [INFO   ] Freezing biome registry 
[2025-07-18 22:58:17] [INFO   ] [Structure Registry] Registered Large Structure: VillageHousePopulator 
[2025-07-18 22:58:17] [INFO   ] [Structure Registry] Registered Large Structure: VillagePopulator 
[2025-07-18 22:58:17] [INFO   ] [Structure Registry] Registered Large Structure: OutpostPopulator 
[2025-07-18 22:58:17] [INFO   ] [Structure Registry] Registered Large Structure: PyramidPopulator 
[2025-07-18 22:58:17] [INFO   ] [Structure Registry] Registered Large Structure: MonumentPopulator 
[2025-07-18 22:58:17] [INFO   ] [Structure Registry] Registered Large Structure: StrongholdPopulator 
[2025-07-18 22:58:17] [INFO   ] [Structure Registry] Registered Large Structure: MansionPopulator 
[2025-07-18 22:58:17] [INFO   ] [Structure Registry] Registered Large Structure: AncientCityPopulator 
[2025-07-18 22:58:17] [INFO   ] [Structure Registry] Registered Large Structure: TrialChamberPopulator 
[2025-07-18 22:58:17] [INFO   ] [Structure Registry] Registered Large Structure: LargeCavePopulator 
[2025-07-18 22:58:17] [INFO   ] [Structure Registry] Registered Large Structure: MineshaftPopulator 
[2025-07-18 22:58:17] [INFO   ] [Structure Registry] Registered Large Structure: CatacombsPopulator 
[2025-07-18 22:58:17] [INFO   ] [Structure Registry] Registered Large Structure: BadlandsMinePopulator 
[2025-07-18 22:58:17] [INFO   ] [Structure Registry] Registered Large Structure: WarmOceanRuinsPopulator 
[2025-07-18 22:58:17] [INFO   ] [Structure Registry] Registered Large Structure: TrailRuinsPopulator 
[2025-07-18 22:58:17] [INFO   ] [Structure Registry] Registered Small Structure: SmallDungeonPopulator 
[2025-07-18 22:58:17] [INFO   ] [Structure Registry] Registered Small Structure: ShipwreckPopulator 
[2025-07-18 22:58:17] [INFO   ] [Structure Registry] Registered Small Structure: BuriedTreasurePopulator 
[2025-07-18 22:58:17] [INFO   ] [Structure Registry] Registered Small Structure: RuinedPortalPopulator 
[2025-07-18 22:58:17] [INFO   ] [Structure Registry] Registered Small Structure: IglooPopulator 
[2025-07-18 22:58:17] [INFO   ] [Structure Registry] Registered Small Structure: DesertWellPopulator 
[2025-07-18 22:58:17] [INFO   ] [Structure Registry] Registered Small Structure: WitchHutPopulator 
[2025-07-18 22:58:25] [INFO   ] Creating TW instance: gama_alta - -311153547135682143 
[2025-07-18 22:58:25] [INFO   ]  Detected world: gama_alta, commencing injection...  
[2025-07-18 22:58:25] [INFO   ] Creating TW instance: gama_alta - -311153547135682143 
[2025-07-18 22:58:25] [INFO   ] NMSChunkGenerator Delegate is of type CustomChunkGenerator 
[2025-07-18 22:58:25] [INFO   ] Post injection: getChunkSource().getChunkGenerator() is of type NMSChunkGenerator 
[2025-07-18 22:58:25] [INFO   ]  Injection success! Proceeding with generation. 
[2025-07-18 22:58:26] [INFO   ]  gama_alta loaded. 
[2025-07-18 22:58:52] [INFO   ] Will spawn stronghold at: CoordPair[x=46, z=1407] 
[2025-07-18 22:58:54] [INFO   ] 84,-268 will spawn a vanilla structure, with tryGenerateStructure == true 
[2025-07-18 22:59:00] [INFO   ] Spawning ForestedMountainsCavePopulator at 1200,96,-4416 
[2025-07-18 22:59:00] [INFO   ] Spawning DripstoneClusterCavePopulator at 4736,60,-2304 
[2025-07-18 22:59:00] [INFO   ] Spawning DeepCavePopulator at 4736,-43,-2304 
[2025-07-18 22:59:00] [INFO   ] Spawning FrozenCavePopulator at 4736,60,-2303 
[2025-07-18 22:59:01] [INFO   ] Spawning MossyCavePopulator at -2448,29,176 
[2025-07-18 22:59:01] [INFO   ] Large Cave at -2240,6,320 has water level > -20 with populator LargeLushCavePopulator 
[2025-07-18 22:59:03] [INFO   ] Spawning CaveFluidClusterPopulator at 1200,8,-4400 
[2025-07-18 22:59:03] [INFO   ] Spawning CrystallineClusterCavePopulator at 1204,-28,-4386 
[2025-08-08 19:44:03] [INFO   ]  Custom Logger Initialized 
[2025-08-08 19:44:03] [INFO   ] [NOTICE] TerraformGenerator will suppress the server's watchdog while generating chunks to prevent unnecessary stacktrace warnings. Unless you specifically need thewatchdog now (to take aikar timings or debug lag), you don't need to take any action. 
[2025-08-08 19:44:03] [INFO   ] It is recommended to pregenerate to reduce lag problems. 
[2025-08-08 19:44:03] [INFO   ] Watchdog Thread hooked. 
[2025-08-08 19:44:03] [INFO   ]  bStats Metrics enabled. 
[2025-08-08 19:44:03] [INFO   ]  Detected version: 1.21.4, number: 21.4 
[2025-08-08 19:44:03] [INFO   ] Unfreezing biome registry... 
[2025-08-08 19:44:03] [INFO   ] Registered custom biome: muddy_bog 
[2025-08-08 19:44:03] [INFO   ] Registered custom biome: cherry_grove 
[2025-08-08 19:44:03] [INFO   ] Registered custom biome: scarlet_forest 
[2025-08-08 19:44:03] [INFO   ] Registered custom biome: crystalline_cluster 
[2025-08-08 19:44:03] [INFO   ] Freezing biome registry 
[2025-08-08 19:44:03] [INFO   ] [Structure Registry] Registered Large Structure: VillageHousePopulator 
[2025-08-08 19:44:03] [INFO   ] [Structure Registry] Registered Large Structure: VillagePopulator 
[2025-08-08 19:44:03] [INFO   ] [Structure Registry] Registered Large Structure: OutpostPopulator 
[2025-08-08 19:44:03] [INFO   ] [Structure Registry] Registered Large Structure: PyramidPopulator 
[2025-08-08 19:44:03] [INFO   ] [Structure Registry] Registered Large Structure: MonumentPopulator 
[2025-08-08 19:44:03] [INFO   ] [Structure Registry] Registered Large Structure: StrongholdPopulator 
[2025-08-08 19:44:03] [INFO   ] [Structure Registry] Registered Large Structure: MansionPopulator 
[2025-08-08 19:44:03] [INFO   ] [Structure Registry] Registered Large Structure: AncientCityPopulator 
[2025-08-08 19:44:03] [INFO   ] [Structure Registry] Registered Large Structure: TrialChamberPopulator 
[2025-08-08 19:44:03] [INFO   ] [Structure Registry] Registered Large Structure: LargeCavePopulator 
[2025-08-08 19:44:03] [INFO   ] [Structure Registry] Registered Large Structure: MineshaftPopulator 
[2025-08-08 19:44:03] [INFO   ] [Structure Registry] Registered Large Structure: CatacombsPopulator 
[2025-08-08 19:44:03] [INFO   ] [Structure Registry] Registered Large Structure: BadlandsMinePopulator 
[2025-08-08 19:44:03] [INFO   ] [Structure Registry] Registered Large Structure: WarmOceanRuinsPopulator 
[2025-08-08 19:44:03] [INFO   ] [Structure Registry] Registered Large Structure: TrailRuinsPopulator 
[2025-08-08 19:44:03] [INFO   ] [Structure Registry] Registered Small Structure: SmallDungeonPopulator 
[2025-08-08 19:44:03] [INFO   ] [Structure Registry] Registered Small Structure: ShipwreckPopulator 
[2025-08-08 19:44:03] [INFO   ] [Structure Registry] Registered Small Structure: BuriedTreasurePopulator 
[2025-08-08 19:44:03] [INFO   ] [Structure Registry] Registered Small Structure: RuinedPortalPopulator 
[2025-08-08 19:44:03] [INFO   ] [Structure Registry] Registered Small Structure: IglooPopulator 
[2025-08-08 19:44:03] [INFO   ] [Structure Registry] Registered Small Structure: DesertWellPopulator 
[2025-08-08 19:44:03] [INFO   ] [Structure Registry] Registered Small Structure: WitchHutPopulator 
[2025-08-08 19:44:11] [INFO   ] Creating TW instance: gama_alta - -311153547135682143 
[2025-08-08 19:44:11] [INFO   ]  Detected world: gama_alta, commencing injection...  
[2025-08-08 19:44:11] [INFO   ] Creating TW instance: gama_alta - -311153547135682143 
[2025-08-08 19:44:11] [INFO   ] NMSChunkGenerator Delegate is of type CustomChunkGenerator 
[2025-08-08 19:44:11] [INFO   ] Post injection: getChunkSource().getChunkGenerator() is of type NMSChunkGenerator 
[2025-08-08 19:44:11] [INFO   ]  Injection success! Proceeding with generation. 
[2025-08-08 19:44:12] [INFO   ]  gama_alta loaded. 
[2025-08-08 19:44:40] [INFO   ] Will spawn stronghold at: CoordPair[x=46, z=1407] 
[2025-08-08 19:44:47] [INFO   ] Spawning MossyCavePopulator at -3328,68,-2752 
[2025-08-08 19:44:47] [INFO   ] Spawning LushClusterCavePopulator at -3328,30,-2752 
[2025-08-08 19:44:47] [INFO   ] Spawning DeepCavePopulator at -3328,-46,-2752 
[2025-08-08 19:44:47] [INFO   ] Large Cave at -3264,14,-2752 has water level > -24 with populator GenericLargeCavePopulator 
[2025-08-08 19:44:50] [INFO   ] Large Cave at -3776,21,-1216 has water level > -19 with populator LargeLushCavePopulator 
[2025-08-08 19:44:55] [INFO   ] Spawning CaveFluidClusterPopulator at -4000,6,-1080 
[2025-08-08 19:44:57] [INFO   ] Spawning DripstoneClusterCavePopulator at -3072,-23,-2496 
[2025-08-08 19:45:00] [INFO   ] Spawning FrozenCavePopulator at -3805,47,904 
[2025-08-08 19:45:00] [INFO   ] Generating org.terraform.structure.small.dungeon.SmallDungeonPopulator at chunk: -238,56 
[2025-08-08 19:45:00] [INFO   ] Spawning Underground Dungeon at -3797,38,909 
[2025-08-08 19:45:02] [INFO   ] Large Cave at 1856,26,-704 has water level > -15 with populator GenericLargeCavePopulator 
[2025-08-11 20:43:17] [INFO   ]  Custom Logger Initialized 
[2025-08-11 20:43:17] [INFO   ] [NOTICE] TerraformGenerator will suppress the server's watchdog while generating chunks to prevent unnecessary stacktrace warnings. Unless you specifically need thewatchdog now (to take aikar timings or debug lag), you don't need to take any action. 
[2025-08-11 20:43:17] [INFO   ] It is recommended to pregenerate to reduce lag problems. 
[2025-08-11 20:43:17] [INFO   ] Watchdog Thread hooked. 
[2025-08-11 20:43:17] [INFO   ]  bStats Metrics enabled. 
[2025-08-11 20:43:17] [INFO   ]  Detected version: 1.21.4, number: 21.4 
[2025-08-11 20:43:17] [INFO   ] Unfreezing biome registry... 
[2025-08-11 20:43:17] [INFO   ] Registered custom biome: muddy_bog 
[2025-08-11 20:43:17] [INFO   ] Registered custom biome: cherry_grove 
[2025-08-11 20:43:17] [INFO   ] Registered custom biome: scarlet_forest 
[2025-08-11 20:43:17] [INFO   ] Registered custom biome: crystalline_cluster 
[2025-08-11 20:43:17] [INFO   ] Freezing biome registry 
[2025-08-11 20:43:17] [INFO   ] [Structure Registry] Registered Large Structure: VillageHousePopulator 
[2025-08-11 20:43:17] [INFO   ] [Structure Registry] Registered Large Structure: VillagePopulator 
[2025-08-11 20:43:17] [INFO   ] [Structure Registry] Registered Large Structure: OutpostPopulator 
[2025-08-11 20:43:17] [INFO   ] [Structure Registry] Registered Large Structure: PyramidPopulator 
[2025-08-11 20:43:17] [INFO   ] [Structure Registry] Registered Large Structure: MonumentPopulator 
[2025-08-11 20:43:17] [INFO   ] [Structure Registry] Registered Large Structure: StrongholdPopulator 
[2025-08-11 20:43:17] [INFO   ] [Structure Registry] Registered Large Structure: MansionPopulator 
[2025-08-11 20:43:17] [INFO   ] [Structure Registry] Registered Large Structure: AncientCityPopulator 
[2025-08-11 20:43:17] [INFO   ] [Structure Registry] Registered Large Structure: TrialChamberPopulator 
[2025-08-11 20:43:17] [INFO   ] [Structure Registry] Registered Large Structure: LargeCavePopulator 
[2025-08-11 20:43:17] [INFO   ] [Structure Registry] Registered Large Structure: MineshaftPopulator 
[2025-08-11 20:43:17] [INFO   ] [Structure Registry] Registered Large Structure: CatacombsPopulator 
[2025-08-11 20:43:17] [INFO   ] [Structure Registry] Registered Large Structure: BadlandsMinePopulator 
[2025-08-11 20:43:17] [INFO   ] [Structure Registry] Registered Large Structure: WarmOceanRuinsPopulator 
[2025-08-11 20:43:17] [INFO   ] [Structure Registry] Registered Large Structure: TrailRuinsPopulator 
[2025-08-11 20:43:17] [INFO   ] [Structure Registry] Registered Small Structure: SmallDungeonPopulator 
[2025-08-11 20:43:17] [INFO   ] [Structure Registry] Registered Small Structure: ShipwreckPopulator 
[2025-08-11 20:43:17] [INFO   ] [Structure Registry] Registered Small Structure: BuriedTreasurePopulator 
[2025-08-11 20:43:17] [INFO   ] [Structure Registry] Registered Small Structure: RuinedPortalPopulator 
[2025-08-11 20:43:17] [INFO   ] [Structure Registry] Registered Small Structure: IglooPopulator 
[2025-08-11 20:43:17] [INFO   ] [Structure Registry] Registered Small Structure: DesertWellPopulator 
[2025-08-11 20:43:17] [INFO   ] [Structure Registry] Registered Small Structure: WitchHutPopulator 
[2025-08-11 20:43:25] [INFO   ] Creating TW instance: gama_alta - -311153547135682143 
[2025-08-11 20:43:25] [INFO   ]  Detected world: gama_alta, commencing injection...  
[2025-08-11 20:43:25] [INFO   ] Creating TW instance: gama_alta - -311153547135682143 
[2025-08-11 20:43:25] [INFO   ] NMSChunkGenerator Delegate is of type CustomChunkGenerator 
[2025-08-11 20:43:25] [INFO   ] Post injection: getChunkSource().getChunkGenerator() is of type NMSChunkGenerator 
[2025-08-11 20:43:25] [INFO   ]  Injection success! Proceeding with generation. 
[2025-08-11 20:43:26] [INFO   ]  gama_alta loaded. 
[2025-08-11 20:43:55] [INFO   ] Will spawn stronghold at: CoordPair[x=46, z=1407] 
[2025-08-11 20:44:02] [INFO   ] Spawning MossyCavePopulator at -4384,29,880 
[2025-08-11 20:44:02] [INFO   ] Spawning DeepCavePopulator at -4384,-34,884 
[2025-08-11 20:44:02] [INFO   ] Spawning FrozenCavePopulator at -4374,29,887 
[2025-08-11 20:44:02] [INFO   ] Registered: org.terraform.structure.mineshaft.SmeltingHallPopulator at -4347 15 863 in a room of size 15x14 
[2025-08-11 20:44:02] [INFO   ] Registered: org.terraform.structure.mineshaft.CaveSpiderDenPopulator at -4236 15 907 in a room of size 13x13 
[2025-08-11 20:44:02] [INFO   ] Registered: org.terraform.structure.mineshaft.CaveSpiderDenPopulator at -4359 15 760 in a room of size 13x15 
[2025-08-11 20:44:02] [INFO   ] Registered: org.terraform.structure.mineshaft.SmeltingHallPopulator at -4246 15 803 in a room of size 15x15 
[2025-08-11 20:44:02] [INFO   ] Registered: org.terraform.structure.mineshaft.CaveSpiderDenPopulator at -4226 15 870 in a room of size 13x14 
[2025-08-11 20:44:02] [INFO   ] Registered: org.terraform.structure.mineshaft.SmeltingHallPopulator at -4216 15 831 in a room of size 13x14 
[2025-08-11 20:44:02] [INFO   ] Registered: org.terraform.structure.mineshaft.CaveSpiderDenPopulator at -4279 15 783 in a room of size 13x15 
[2025-08-11 20:44:02] [INFO   ] Registered: org.terraform.structure.mineshaft.SmeltingHallPopulator at -4303 15 784 in a room of size 13x13 
[2025-08-11 20:44:05] [INFO   ] Spawning DripstoneClusterCavePopulator at -4480,4,896 
[2025-08-11 20:44:05] [INFO   ] Large Cave at -4288,44,-2240 has water level > -12 with populator GenericLargeCavePopulator 
[2025-08-11 20:44:10] [INFO   ] Spawning CaveFluidClusterPopulator at -4360,86,880 
[2025-08-11 20:44:13] [INFO   ] Registered: org.terraform.structure.mineshaft.ShaftRoomPopulator at -4305 7 -1757 in a room of size 15x14 
[2025-08-11 20:44:13] [INFO   ] Registered: org.terraform.structure.mineshaft.CaveSpiderDenPopulator at -4304 7 -1695 in a room of size 14x14 
[2025-08-11 20:44:13] [INFO   ] Registered: org.terraform.structure.mineshaft.CaveSpiderDenPopulator at -4363 7 -1774 in a room of size 14x13 
[2025-08-11 20:44:13] [INFO   ] Registered: org.terraform.structure.mineshaft.ShaftRoomPopulator at -4233 7 -1674 in a room of size 14x15 
[2025-08-11 20:44:13] [INFO   ] Registered: org.terraform.structure.mineshaft.ShaftRoomPopulator at -4297 7 -1777 in a room of size 14x13 
[2025-08-11 20:44:13] [INFO   ] Registered: org.terraform.structure.mineshaft.ShaftRoomPopulator at -4318 7 -1782 in a room of size 14x13 
[2025-08-11 20:44:13] [INFO   ] Registered: org.terraform.structure.mineshaft.ShaftRoomPopulator at -4291 7 -1748 in a room of size 13x14 
[2025-08-11 20:44:13] [INFO   ] Registered: org.terraform.structure.mineshaft.ShaftRoomPopulator at -4311 7 -1735 in a room of size 14x15 
[2025-08-11 20:44:13] [INFO   ] Registered: org.terraform.structure.mineshaft.SmeltingHallPopulator at -4227 7 -1743 in a room of size 14x13 
[2025-08-11 20:44:13] [INFO   ] Registered: org.terraform.structure.mineshaft.ShaftRoomPopulator at -4259 7 -1750 in a room of size 13x15 
[2025-08-11 20:44:13] [INFO   ] Registered: org.terraform.structure.mineshaft.CaveSpiderDenPopulator at -4215 22 -1751 in a room of size 13x15 
[2025-08-11 20:44:13] [INFO   ] Registered: org.terraform.structure.mineshaft.ShaftTopPopulator at -4291 22 -1748 in a room of size 13x7 
[2025-08-11 20:44:13] [INFO   ] Registered: org.terraform.structure.mineshaft.CaveSpiderDenPopulator at -4235 22 -1663 in a room of size 14x14 
[2025-08-11 20:44:13] [INFO   ] Registered: org.terraform.structure.mineshaft.CaveSpiderDenPopulator at -4360 22 -1777 in a room of size 13x14 
[2025-08-11 20:44:13] [INFO   ] Registered: org.terraform.structure.mineshaft.ShaftTopPopulator at -4297 22 -1777 in a room of size 14x6 
[2025-08-11 20:44:13] [INFO   ] Registered: org.terraform.structure.mineshaft.ShaftTopPopulator at -4259 22 -1750 in a room of size 13x5 
[2025-08-11 20:44:13] [INFO   ] Registered: org.terraform.structure.mineshaft.CaveSpiderDenPopulator at -4282 22 -1787 in a room of size 14x15 
[2025-08-11 20:44:13] [INFO   ] Registered: org.terraform.structure.mineshaft.CaveSpiderDenPopulator at -4312 22 -1708 in a room of size 15x15 
[2025-08-11 20:44:13] [INFO   ] Registered: org.terraform.structure.mineshaft.CaveSpiderDenPopulator at -4285 22 -1662 in a room of size 15x13 
[2025-08-11 20:44:13] [INFO   ] Registered: org.terraform.structure.mineshaft.SmeltingHallPopulator at -4347 22 -1740 in a room of size 13x13 
[2025-08-11 20:44:13] [INFO   ] Registered: org.terraform.structure.mineshaft.ShaftTopPopulator at -4305 22 -1757 in a room of size 15x7 
[2025-08-11 20:44:13] [INFO   ] Registered: org.terraform.structure.mineshaft.ShaftTopPopulator at -4233 22 -1674 in a room of size 14x6 
[2025-08-11 20:44:13] [INFO   ] Registered: org.terraform.structure.mineshaft.ShaftTopPopulator at -4311 22 -1735 in a room of size 14x5 
[2025-08-11 20:44:13] [INFO   ] Registered: org.terraform.structure.mineshaft.SmeltingHallPopulator at -4274 22 -1715 in a room of size 14x14 
[2025-08-11 20:44:13] [INFO   ] Registered: org.terraform.structure.mineshaft.ShaftTopPopulator at -4318 22 -1782 in a room of size 14x7 
[2025-08-11 20:44:13] [INFO   ] Spawning CrystallineClusterCavePopulator at -4386,-7,-2064 
[2025-08-11 20:44:17] [INFO   ] Large Cave at 1856,24,832 has water level > -17 with populator GenericLargeCavePopulator 
[2025-08-11 20:44:22] [INFO   ] -204,52 will spawn a vanilla structure, with tryGenerateStructure == true 
[2025-08-11 20:45:19] [INFO   ] Spawning LushClusterCavePopulator at -4352,48,832 
[2025-08-11 20:45:20] [INFO   ] Minecart with chest at: -4330, 15, 861 
[2025-08-11 20:45:21] [INFO   ] Minecart with chest at: -4309, 15, 861 
[2025-08-11 20:45:21] [INFO   ] Minecart with chest at: -4306, 15, 861 
[2025-08-11 20:45:24] [INFO   ] Large Cave at -4288,14,1344 has water level > -20 with populator LargeLushCavePopulator 
[2025-08-11 20:45:25] [INFO   ] Generating Stronghold at chunk: -273,62 
[2025-08-11 20:45:27] [INFO   ] Generating org.terraform.structure.mineshaft.MineshaftPopulator at chunk: -268,52 
[2025-08-11 20:45:28] [INFO   ] Registered: org.terraform.structure.stronghold.PrisonRoomPopulator at -4344 7 989 in a room of size 20x23 
[2025-08-11 20:45:28] [INFO   ] Registered: org.terraform.structure.stronghold.LibraryRoomPopulator at -4407 7 1036 in a room of size 30x27 
[2025-08-11 20:45:28] [INFO   ] Registered: org.terraform.structure.stronghold.PrisonRoomPopulator at -4319 7 1025 in a room of size 17x19 
[2025-08-11 20:45:28] [INFO   ] Registered: org.terraform.structure.stronghold.PrisonRoomPopulator at -4379 7 977 in a room of size 20x18 
[2025-08-11 20:45:28] [INFO   ] Registered: org.terraform.structure.stronghold.PrisonRoomPopulator at -4321 7 973 in a room of size 21x16 
[2025-08-11 20:45:28] [INFO   ] Registered: org.terraform.structure.stronghold.LibraryRoomPopulator at -4353 7 947 in a room of size 31x30 
[2025-08-11 20:45:28] [INFO   ] Registered: org.terraform.structure.stronghold.NetherPortalRoomPopulator at -4361 7 1028 in a room of size 17x29 
[2025-08-11 20:45:28] [INFO   ] Registered: org.terraform.structure.stronghold.HallwayPopulator at -4328 7 945 in a room of size 16x14 
[2025-08-11 20:45:28] [INFO   ] Registered: org.terraform.structure.stronghold.StairwayRoomPopulator at -4367 7 1005 in a room of size 5x5 
[2025-08-11 20:45:28] [INFO   ] Registered: org.terraform.structure.stronghold.LibraryRoomPopulator at -4393 7 1003 in a room of size 30x29 
[2025-08-11 20:45:28] [INFO   ] Registered: org.terraform.structure.stronghold.PortalRoomPopulator at -4403 7 965 in a room of size 25x25 
[2025-08-11 20:45:29] [INFO   ] Registered: org.terraform.structure.stronghold.PrisonRoomPopulator at -4339 25 1020 in a room of size 24x17 
[2025-08-11 20:45:29] [INFO   ] Registered: org.terraform.structure.stronghold.LibraryRoomPopulator at -4329 25 1043 in a room of size 24x25 
[2025-08-11 20:45:29] [INFO   ] Registered: org.terraform.structure.stronghold.HallwayPopulator at -4369 25 1030 in a room of size 28x15 
[2025-08-11 20:45:29] [INFO   ] Registered: org.terraform.structure.stronghold.PrisonRoomPopulator at -4400 25 1014 in a room of size 17x16 
[2025-08-11 20:45:29] [INFO   ] Registered: org.terraform.structure.stronghold.HallwayPopulator at -4395 25 1044 in a room of size 22x24 
[2025-08-11 20:45:29] [INFO   ] Registered: org.terraform.structure.stronghold.PrisonRoomPopulator at -4411 25 971 in a room of size 19x21 
[2025-08-11 20:45:29] [INFO   ] Registered: org.terraform.structure.stronghold.HallwayPopulator at -4370 25 985 in a room of size 24x13 
[2025-08-11 20:45:29] [INFO   ] Registered: org.terraform.structure.stronghold.TrapChestRoomPopulator at -4335 25 990 in a room of size 14x11 
[2025-08-11 20:45:29] [INFO   ] Registered: org.terraform.structure.stronghold.HallwayPopulator at -4417 25 947 in a room of size 29x28 
[2025-08-11 20:45:29] [INFO   ] Registered: org.terraform.structure.stronghold.StairwayTopPopulator at -4367 25 1005 in a room of size 5x5 
[2025-08-11 20:45:29] [INFO   ] Registered: org.terraform.structure.stronghold.PrisonRoomPopulator at -4317 25 1017 in a room of size 18x24 
[2025-08-11 20:45:29] [INFO   ] Registered: org.terraform.structure.stronghold.HallwayPopulator at -4335 25 967 in a room of size 25x23 
[2025-08-11 20:45:29] [INFO   ] Registered: org.terraform.structure.stronghold.HallwayPopulator at -4389 25 959 in a room of size 23x18 
[2025-08-11 20:45:29] [INFO   ] Registered: org.terraform.structure.stronghold.LibraryRoomPopulator at -4363 25 948 in a room of size 25x28 
[2025-08-11 20:45:31] [INFO   ] Minecart with chest at: -4281, 15, 783 
[2025-08-11 20:45:31] [INFO   ] Minecart with chest at: -4236, 15, 832 
[2025-08-18 13:03:03] [INFO   ]  Custom Logger Initialized 
[2025-08-18 13:03:03] [INFO   ] [NOTICE] TerraformGenerator will suppress the server's watchdog while generating chunks to prevent unnecessary stacktrace warnings. Unless you specifically need thewatchdog now (to take aikar timings or debug lag), you don't need to take any action. 
[2025-08-18 13:03:03] [INFO   ] It is recommended to pregenerate to reduce lag problems. 
[2025-08-18 13:03:03] [INFO   ] Watchdog Thread hooked. 
[2025-08-18 13:03:03] [INFO   ]  bStats Metrics enabled. 
[2025-08-18 13:03:03] [INFO   ]  Detected version: 1.21.4, number: 21.4 
[2025-08-18 13:03:03] [INFO   ] Unfreezing biome registry... 
[2025-08-18 13:03:03] [INFO   ] Registered custom biome: muddy_bog 
[2025-08-18 13:03:03] [INFO   ] Registered custom biome: cherry_grove 
[2025-08-18 13:03:03] [INFO   ] Registered custom biome: scarlet_forest 
[2025-08-18 13:03:03] [INFO   ] Registered custom biome: crystalline_cluster 
[2025-08-18 13:03:03] [INFO   ] Freezing biome registry 
[2025-08-18 13:03:03] [INFO   ] [Structure Registry] Registered Large Structure: VillageHousePopulator 
[2025-08-18 13:03:03] [INFO   ] [Structure Registry] Registered Large Structure: VillagePopulator 
[2025-08-18 13:03:03] [INFO   ] [Structure Registry] Registered Large Structure: OutpostPopulator 
[2025-08-18 13:03:03] [INFO   ] [Structure Registry] Registered Large Structure: PyramidPopulator 
[2025-08-18 13:03:03] [INFO   ] [Structure Registry] Registered Large Structure: MonumentPopulator 
[2025-08-18 13:03:03] [INFO   ] [Structure Registry] Registered Large Structure: StrongholdPopulator 
[2025-08-18 13:03:03] [INFO   ] [Structure Registry] Registered Large Structure: MansionPopulator 
[2025-08-18 13:03:03] [INFO   ] [Structure Registry] Registered Large Structure: AncientCityPopulator 
[2025-08-18 13:03:03] [INFO   ] [Structure Registry] Registered Large Structure: TrialChamberPopulator 
[2025-08-18 13:03:03] [INFO   ] [Structure Registry] Registered Large Structure: LargeCavePopulator 
[2025-08-18 13:03:03] [INFO   ] [Structure Registry] Registered Large Structure: MineshaftPopulator 
[2025-08-18 13:03:03] [INFO   ] [Structure Registry] Registered Large Structure: CatacombsPopulator 
[2025-08-18 13:03:03] [INFO   ] [Structure Registry] Registered Large Structure: BadlandsMinePopulator 
[2025-08-18 13:03:03] [INFO   ] [Structure Registry] Registered Large Structure: WarmOceanRuinsPopulator 
[2025-08-18 13:03:03] [INFO   ] [Structure Registry] Registered Large Structure: TrailRuinsPopulator 
[2025-08-18 13:03:03] [INFO   ] [Structure Registry] Registered Small Structure: SmallDungeonPopulator 
[2025-08-18 13:03:03] [INFO   ] [Structure Registry] Registered Small Structure: ShipwreckPopulator 
[2025-08-18 13:03:03] [INFO   ] [Structure Registry] Registered Small Structure: BuriedTreasurePopulator 
[2025-08-18 13:03:03] [INFO   ] [Structure Registry] Registered Small Structure: RuinedPortalPopulator 
[2025-08-18 13:03:03] [INFO   ] [Structure Registry] Registered Small Structure: IglooPopulator 
[2025-08-18 13:03:03] [INFO   ] [Structure Registry] Registered Small Structure: DesertWellPopulator 
[2025-08-18 13:03:03] [INFO   ] [Structure Registry] Registered Small Structure: WitchHutPopulator 
[2025-08-18 13:03:12] [INFO   ] Creating TW instance: gama_alta - -311153547135682143 
[2025-08-18 13:03:12] [INFO   ]  Detected world: gama_alta, commencing injection...  
[2025-08-18 13:03:12] [INFO   ] Creating TW instance: gama_alta - -311153547135682143 
[2025-08-18 13:03:12] [INFO   ] NMSChunkGenerator Delegate is of type CustomChunkGenerator 
[2025-08-18 13:03:12] [INFO   ] Post injection: getChunkSource().getChunkGenerator() is of type NMSChunkGenerator 
[2025-08-18 13:03:12] [INFO   ]  Injection success! Proceeding with generation. 
[2025-08-18 13:03:13] [INFO   ]  gama_alta loaded. 
[2025-08-18 13:03:48] [INFO   ] Will spawn stronghold at: CoordPair[x=46, z=1407] 
[2025-08-18 13:03:59] [INFO   ] Spawning DeepCavePopulator at 3488,-35,-1064 
[2025-08-18 13:03:59] [INFO   ] Spawning MossyCavePopulator at 3495,-3,-1067 
[2025-08-18 13:03:59] [INFO   ] Large Cave at 3392,40,-1216 has water level > -27 with populator LargeLushCavePopulator 
[2025-08-18 13:04:00] [INFO   ] Large Cave at -3776,16,-3264 has water level > -30 with populator LargeLushCavePopulator 
[2025-08-18 13:04:00] [INFO   ] Registered: org.terraform.structure.mineshaft.ShaftRoomPopulator at -259 -6 -1656 in a room of size 14x14 
[2025-08-18 13:04:00] [INFO   ] Registered: org.terraform.structure.mineshaft.ShaftRoomPopulator at -249 -6 -1720 in a room of size 14x15 
[2025-08-18 13:04:00] [INFO   ] Registered: org.terraform.structure.mineshaft.SmeltingHallPopulator at -240 -6 -1669 in a room of size 13x13 
[2025-08-18 13:04:00] [INFO   ] Registered: org.terraform.structure.mineshaft.ShaftRoomPopulator at -198 -6 -1696 in a room of size 14x13 
[2025-08-18 13:04:00] [INFO   ] Registered: org.terraform.structure.mineshaft.ShaftRoomPopulator at -168 -6 -1776 in a room of size 14x13 
[2025-08-18 13:04:00] [INFO   ] Registered: org.terraform.structure.mineshaft.CaveSpiderDenPopulator at -124 -6 -1765 in a room of size 13x15 
[2025-08-18 13:04:00] [INFO   ] Registered: org.terraform.structure.mineshaft.CaveSpiderDenPopulator at -197 -6 -1732 in a room of size 15x15 
[2025-08-18 13:04:00] [INFO   ] Registered: org.terraform.structure.mineshaft.CaveSpiderDenPopulator at -219 -6 -1783 in a room of size 15x15 
[2025-08-18 13:04:00] [INFO   ] Registered: org.terraform.structure.mineshaft.ShaftRoomPopulator at -143 -6 -1688 in a room of size 14x15 
[2025-08-18 13:04:00] [INFO   ] Registered: org.terraform.structure.mineshaft.ShaftTopPopulator at -259 9 -1656 in a room of size 14x5 
[2025-08-18 13:04:00] [INFO   ] Registered: org.terraform.structure.mineshaft.SmeltingHallPopulator at -206 9 -1752 in a room of size 13x14 
[2025-08-18 13:04:00] [INFO   ] Registered: org.terraform.structure.mineshaft.CaveSpiderDenPopulator at -226 9 -1670 in a room of size 14x14 
[2025-08-18 13:04:00] [INFO   ] Registered: org.terraform.structure.mineshaft.CaveSpiderDenPopulator at -121 9 -1729 in a room of size 15x15 
[2025-08-18 13:04:00] [INFO   ] Registered: org.terraform.structure.mineshaft.ShaftTopPopulator at -168 9 -1776 in a room of size 14x5 
[2025-08-18 13:04:00] [INFO   ] Registered: org.terraform.structure.mineshaft.CaveSpiderDenPopulator at -208 9 -1774 in a room of size 15x15 
[2025-08-18 13:04:00] [INFO   ] Registered: org.terraform.structure.mineshaft.ShaftTopPopulator at -249 9 -1720 in a room of size 14x7 
[2025-08-18 13:04:00] [INFO   ] Registered: org.terraform.structure.mineshaft.CaveSpiderDenPopulator at -187 9 -1712 in a room of size 13x13 
[2025-08-18 13:04:00] [INFO   ] Registered: org.terraform.structure.mineshaft.SmeltingHallPopulator at -214 9 -1793 in a room of size 15x15 
[2025-08-18 13:04:00] [INFO   ] Registered: org.terraform.structure.mineshaft.ShaftTopPopulator at -198 9 -1696 in a room of size 14x6 
[2025-08-18 13:04:00] [INFO   ] Registered: org.terraform.structure.mineshaft.CaveSpiderDenPopulator at -163 9 -1801 in a room of size 14x15 
[2025-08-18 13:04:00] [INFO   ] Registered: org.terraform.structure.mineshaft.ShaftTopPopulator at -143 9 -1688 in a room of size 14x6 
[2025-08-18 13:04:00] [INFO   ] Registered: org.terraform.structure.mineshaft.CaveSpiderDenPopulator at -221 9 -1653 in a room of size 15x14 
[2025-08-18 13:04:04] [INFO   ] Spawning CaveFluidClusterPopulator at 3480,2,-1080 
[2025-08-18 13:04:07] [INFO   ] Spawning CrystallineClusterCavePopulator at -86,3,-1548 
[2025-08-18 13:22:50] [INFO   ]  Custom Logger Initialized 
[2025-08-18 13:22:50] [INFO   ] [NOTICE] TerraformGenerator will suppress the server's watchdog while generating chunks to prevent unnecessary stacktrace warnings. Unless you specifically need thewatchdog now (to take aikar timings or debug lag), you don't need to take any action. 
[2025-08-18 13:22:50] [INFO   ] It is recommended to pregenerate to reduce lag problems. 
[2025-08-18 13:22:50] [INFO   ] Watchdog Thread hooked. 
[2025-08-18 13:22:50] [INFO   ]  bStats Metrics enabled. 
[2025-08-18 13:22:50] [INFO   ]  Detected version: 1.21.4, number: 21.4 
[2025-08-18 13:22:50] [INFO   ] Unfreezing biome registry... 
[2025-08-18 13:22:50] [INFO   ] Registered custom biome: muddy_bog 
[2025-08-18 13:22:50] [INFO   ] Registered custom biome: cherry_grove 
[2025-08-18 13:22:50] [INFO   ] Registered custom biome: scarlet_forest 
[2025-08-18 13:22:50] [INFO   ] Registered custom biome: crystalline_cluster 
[2025-08-18 13:22:50] [INFO   ] Freezing biome registry 
[2025-08-18 13:22:50] [INFO   ] [Structure Registry] Registered Large Structure: VillageHousePopulator 
[2025-08-18 13:22:50] [INFO   ] [Structure Registry] Registered Large Structure: VillagePopulator 
[2025-08-18 13:22:50] [INFO   ] [Structure Registry] Registered Large Structure: OutpostPopulator 
[2025-08-18 13:22:50] [INFO   ] [Structure Registry] Registered Large Structure: PyramidPopulator 
[2025-08-18 13:22:50] [INFO   ] [Structure Registry] Registered Large Structure: MonumentPopulator 
[2025-08-18 13:22:50] [INFO   ] [Structure Registry] Registered Large Structure: StrongholdPopulator 
[2025-08-18 13:22:50] [INFO   ] [Structure Registry] Registered Large Structure: MansionPopulator 
[2025-08-18 13:22:50] [INFO   ] [Structure Registry] Registered Large Structure: AncientCityPopulator 
[2025-08-18 13:22:50] [INFO   ] [Structure Registry] Registered Large Structure: TrialChamberPopulator 
[2025-08-18 13:22:50] [INFO   ] [Structure Registry] Registered Large Structure: LargeCavePopulator 
[2025-08-18 13:22:50] [INFO   ] [Structure Registry] Registered Large Structure: MineshaftPopulator 
[2025-08-18 13:22:50] [INFO   ] [Structure Registry] Registered Large Structure: CatacombsPopulator 
[2025-08-18 13:22:50] [INFO   ] [Structure Registry] Registered Large Structure: BadlandsMinePopulator 
[2025-08-18 13:22:50] [INFO   ] [Structure Registry] Registered Large Structure: WarmOceanRuinsPopulator 
[2025-08-18 13:22:50] [INFO   ] [Structure Registry] Registered Large Structure: TrailRuinsPopulator 
[2025-08-18 13:22:50] [INFO   ] [Structure Registry] Registered Small Structure: SmallDungeonPopulator 
[2025-08-18 13:22:50] [INFO   ] [Structure Registry] Registered Small Structure: ShipwreckPopulator 
[2025-08-18 13:22:50] [INFO   ] [Structure Registry] Registered Small Structure: BuriedTreasurePopulator 
[2025-08-18 13:22:50] [INFO   ] [Structure Registry] Registered Small Structure: RuinedPortalPopulator 
[2025-08-18 13:22:50] [INFO   ] [Structure Registry] Registered Small Structure: IglooPopulator 
[2025-08-18 13:22:50] [INFO   ] [Structure Registry] Registered Small Structure: DesertWellPopulator 
[2025-08-18 13:22:50] [INFO   ] [Structure Registry] Registered Small Structure: WitchHutPopulator 
[2025-08-18 13:22:57] [INFO   ] Creating TW instance: gama_alta - -311153547135682143 
[2025-08-18 13:22:57] [INFO   ]  Detected world: gama_alta, commencing injection...  
[2025-08-18 13:22:57] [INFO   ] Creating TW instance: gama_alta - -311153547135682143 
[2025-08-18 13:22:57] [INFO   ] NMSChunkGenerator Delegate is of type CustomChunkGenerator 
[2025-08-18 13:22:57] [INFO   ] Post injection: getChunkSource().getChunkGenerator() is of type NMSChunkGenerator 
[2025-08-18 13:22:57] [INFO   ]  Injection success! Proceeding with generation. 
[2025-08-18 13:22:57] [INFO   ]  gama_alta loaded. 
[2025-08-18 13:28:12] [INFO   ]  Custom Logger Initialized 
[2025-08-18 13:28:12] [INFO   ] [NOTICE] TerraformGenerator will suppress the server's watchdog while generating chunks to prevent unnecessary stacktrace warnings. Unless you specifically need thewatchdog now (to take aikar timings or debug lag), you don't need to take any action. 
[2025-08-18 13:28:12] [INFO   ] It is recommended to pregenerate to reduce lag problems. 
[2025-08-18 13:28:12] [INFO   ] Watchdog Thread hooked. 
[2025-08-18 13:28:12] [INFO   ]  bStats Metrics enabled. 
[2025-08-18 13:28:12] [INFO   ]  Detected version: 1.21.4, number: 21.4 
[2025-08-18 13:28:12] [INFO   ] Unfreezing biome registry... 
[2025-08-18 13:28:12] [INFO   ] Registered custom biome: muddy_bog 
[2025-08-18 13:28:12] [INFO   ] Registered custom biome: cherry_grove 
[2025-08-18 13:28:12] [INFO   ] Registered custom biome: scarlet_forest 
[2025-08-18 13:28:12] [INFO   ] Registered custom biome: crystalline_cluster 
[2025-08-18 13:28:12] [INFO   ] Freezing biome registry 
[2025-08-18 13:28:12] [INFO   ] [Structure Registry] Registered Large Structure: VillageHousePopulator 
[2025-08-18 13:28:12] [INFO   ] [Structure Registry] Registered Large Structure: VillagePopulator 
[2025-08-18 13:28:12] [INFO   ] [Structure Registry] Registered Large Structure: OutpostPopulator 
[2025-08-18 13:28:12] [INFO   ] [Structure Registry] Registered Large Structure: PyramidPopulator 
[2025-08-18 13:28:12] [INFO   ] [Structure Registry] Registered Large Structure: MonumentPopulator 
[2025-08-18 13:28:12] [INFO   ] [Structure Registry] Registered Large Structure: StrongholdPopulator 
[2025-08-18 13:28:12] [INFO   ] [Structure Registry] Registered Large Structure: MansionPopulator 
[2025-08-18 13:28:12] [INFO   ] [Structure Registry] Registered Large Structure: AncientCityPopulator 
[2025-08-18 13:28:12] [INFO   ] [Structure Registry] Registered Large Structure: TrialChamberPopulator 
[2025-08-18 13:28:12] [INFO   ] [Structure Registry] Registered Large Structure: LargeCavePopulator 
[2025-08-18 13:28:12] [INFO   ] [Structure Registry] Registered Large Structure: MineshaftPopulator 
[2025-08-18 13:28:12] [INFO   ] [Structure Registry] Registered Large Structure: CatacombsPopulator 
[2025-08-18 13:28:12] [INFO   ] [Structure Registry] Registered Large Structure: BadlandsMinePopulator 
[2025-08-18 13:28:12] [INFO   ] [Structure Registry] Registered Large Structure: WarmOceanRuinsPopulator 
[2025-08-18 13:28:12] [INFO   ] [Structure Registry] Registered Large Structure: TrailRuinsPopulator 
[2025-08-18 13:28:12] [INFO   ] [Structure Registry] Registered Small Structure: SmallDungeonPopulator 
[2025-08-18 13:28:12] [INFO   ] [Structure Registry] Registered Small Structure: ShipwreckPopulator 
[2025-08-18 13:28:12] [INFO   ] [Structure Registry] Registered Small Structure: BuriedTreasurePopulator 
[2025-08-18 13:28:12] [INFO   ] [Structure Registry] Registered Small Structure: RuinedPortalPopulator 
[2025-08-18 13:28:12] [INFO   ] [Structure Registry] Registered Small Structure: IglooPopulator 
[2025-08-18 13:28:12] [INFO   ] [Structure Registry] Registered Small Structure: DesertWellPopulator 
[2025-08-18 13:28:12] [INFO   ] [Structure Registry] Registered Small Structure: WitchHutPopulator 
[2025-08-18 13:28:20] [INFO   ] Creating TW instance: gama_alta - -311153547135682143 
[2025-08-18 13:28:20] [INFO   ]  Detected world: gama_alta, commencing injection...  
[2025-08-18 13:28:20] [INFO   ] Creating TW instance: gama_alta - -311153547135682143 
[2025-08-18 13:28:20] [INFO   ] NMSChunkGenerator Delegate is of type CustomChunkGenerator 
[2025-08-18 13:28:20] [INFO   ] Post injection: getChunkSource().getChunkGenerator() is of type NMSChunkGenerator 
[2025-08-18 13:28:20] [INFO   ]  Injection success! Proceeding with generation. 
[2025-08-18 13:28:20] [INFO   ]  gama_alta loaded. 
[2025-08-18 13:31:40] [INFO   ]  Custom Logger Initialized 
[2025-08-18 13:31:40] [INFO   ] [NOTICE] TerraformGenerator will suppress the server's watchdog while generating chunks to prevent unnecessary stacktrace warnings. Unless you specifically need thewatchdog now (to take aikar timings or debug lag), you don't need to take any action. 
[2025-08-18 13:31:40] [INFO   ] It is recommended to pregenerate to reduce lag problems. 
[2025-08-18 13:31:40] [INFO   ] Watchdog Thread hooked. 
[2025-08-18 13:31:40] [INFO   ]  bStats Metrics enabled. 
[2025-08-18 13:31:40] [INFO   ]  Detected version: 1.21.4, number: 21.4 
[2025-08-18 13:31:40] [INFO   ] Unfreezing biome registry... 
[2025-08-18 13:31:40] [INFO   ] Registered custom biome: muddy_bog 
[2025-08-18 13:31:40] [INFO   ] Registered custom biome: cherry_grove 
[2025-08-18 13:31:40] [INFO   ] Registered custom biome: scarlet_forest 
[2025-08-18 13:31:40] [INFO   ] Registered custom biome: crystalline_cluster 
[2025-08-18 13:31:40] [INFO   ] Freezing biome registry 
[2025-08-18 13:31:40] [INFO   ] [Structure Registry] Registered Large Structure: VillageHousePopulator 
[2025-08-18 13:31:40] [INFO   ] [Structure Registry] Registered Large Structure: VillagePopulator 
[2025-08-18 13:31:40] [INFO   ] [Structure Registry] Registered Large Structure: OutpostPopulator 
[2025-08-18 13:31:40] [INFO   ] [Structure Registry] Registered Large Structure: PyramidPopulator 
[2025-08-18 13:31:40] [INFO   ] [Structure Registry] Registered Large Structure: MonumentPopulator 
[2025-08-18 13:31:40] [INFO   ] [Structure Registry] Registered Large Structure: StrongholdPopulator 
[2025-08-18 13:31:40] [INFO   ] [Structure Registry] Registered Large Structure: MansionPopulator 
[2025-08-18 13:31:40] [INFO   ] [Structure Registry] Registered Large Structure: AncientCityPopulator 
[2025-08-18 13:31:40] [INFO   ] [Structure Registry] Registered Large Structure: TrialChamberPopulator 
[2025-08-18 13:31:40] [INFO   ] [Structure Registry] Registered Large Structure: LargeCavePopulator 
[2025-08-18 13:31:40] [INFO   ] [Structure Registry] Registered Large Structure: MineshaftPopulator 
[2025-08-18 13:31:40] [INFO   ] [Structure Registry] Registered Large Structure: CatacombsPopulator 
[2025-08-18 13:31:40] [INFO   ] [Structure Registry] Registered Large Structure: BadlandsMinePopulator 
[2025-08-18 13:31:40] [INFO   ] [Structure Registry] Registered Large Structure: WarmOceanRuinsPopulator 
[2025-08-18 13:31:40] [INFO   ] [Structure Registry] Registered Large Structure: TrailRuinsPopulator 
[2025-08-18 13:31:40] [INFO   ] [Structure Registry] Registered Small Structure: SmallDungeonPopulator 
[2025-08-18 13:31:40] [INFO   ] [Structure Registry] Registered Small Structure: ShipwreckPopulator 
[2025-08-18 13:31:40] [INFO   ] [Structure Registry] Registered Small Structure: BuriedTreasurePopulator 
[2025-08-18 13:31:40] [INFO   ] [Structure Registry] Registered Small Structure: RuinedPortalPopulator 
[2025-08-18 13:31:40] [INFO   ] [Structure Registry] Registered Small Structure: IglooPopulator 
[2025-08-18 13:31:40] [INFO   ] [Structure Registry] Registered Small Structure: DesertWellPopulator 
[2025-08-18 13:31:40] [INFO   ] [Structure Registry] Registered Small Structure: WitchHutPopulator 
[2025-08-18 13:31:48] [INFO   ] Creating TW instance: gama_alta - -311153547135682143 
[2025-08-18 13:31:48] [INFO   ]  Detected world: gama_alta, commencing injection...  
[2025-08-18 13:31:48] [INFO   ] Creating TW instance: gama_alta - -311153547135682143 
[2025-08-18 13:31:48] [INFO   ] NMSChunkGenerator Delegate is of type CustomChunkGenerator 
[2025-08-18 13:31:48] [INFO   ] Post injection: getChunkSource().getChunkGenerator() is of type NMSChunkGenerator 
[2025-08-18 13:31:48] [INFO   ]  Injection success! Proceeding with generation. 
[2025-08-18 13:31:48] [INFO   ]  gama_alta loaded. 
[2025-08-18 13:36:06] [INFO   ] Will spawn stronghold at: CoordPair[x=46, z=1407] 
[2025-08-18 13:36:07] [INFO   ] Large Cave at 3392,40,-1216 has water level > -27 with populator LargeLushCavePopulator 
[2025-08-18 13:36:09] [INFO   ] Falling back to NMS bee spawning (addEntity api not present) 
[2025-08-18 13:36:09] [INFO   ] Spawning MossyCavePopulator at 3216,54,-816 
[2025-08-18 13:36:09] [INFO   ] Spawning DeepCavePopulator at 3216,-33,-816 
[2025-08-18 13:36:09] [INFO   ] Registered: org.terraform.structure.mineshaft.ShaftRoomPopulator at 3341 27 -742 in a room of size 14x15 
[2025-08-18 13:36:09] [INFO   ] Registered: org.terraform.structure.mineshaft.ShaftRoomPopulator at 3462 27 -639 in a room of size 15x14 
[2025-08-18 13:36:09] [INFO   ] Registered: org.terraform.structure.mineshaft.ShaftRoomPopulator at 3358 27 -730 in a room of size 15x14 
[2025-08-18 13:36:09] [INFO   ] Registered: org.terraform.structure.mineshaft.ShaftRoomPopulator at 3449 27 -735 in a room of size 15x14 
[2025-08-18 13:36:09] [INFO   ] Registered: org.terraform.structure.mineshaft.SmeltingHallPopulator at 3343 27 -675 in a room of size 15x15 
[2025-08-18 13:36:09] [INFO   ] Registered: org.terraform.structure.mineshaft.SmeltingHallPopulator at 3414 27 -702 in a room of size 13x14 
[2025-08-18 13:36:09] [INFO   ] Registered: org.terraform.structure.mineshaft.CaveSpiderDenPopulator at 3332 27 -720 in a room of size 15x13 
[2025-08-18 13:36:09] [INFO   ] Registered: org.terraform.structure.mineshaft.CaveSpiderDenPopulator at 3337 42 -702 in a room of size 13x14 
[2025-08-18 13:36:09] [INFO   ] Registered: org.terraform.structure.mineshaft.SmeltingHallPopulator at 3391 42 -719 in a room of size 14x14 
[2025-08-18 13:36:09] [INFO   ] Registered: org.terraform.structure.mineshaft.SmeltingHallPopulator at 3457 42 -658 in a room of size 15x14 
[2025-08-18 13:36:09] [INFO   ] Registered: org.terraform.structure.mineshaft.SmeltingHallPopulator at 3361 42 -677 in a room of size 15x15 
[2025-08-18 13:36:09] [INFO   ] Registered: org.terraform.structure.mineshaft.SmeltingHallPopulator at 3441 42 -687 in a room of size 14x15 
[2025-08-18 13:36:09] [INFO   ] Registered: org.terraform.structure.mineshaft.ShaftTopPopulator at 3449 42 -735 in a room of size 15x7 
[2025-08-18 13:36:09] [INFO   ] Registered: org.terraform.structure.mineshaft.ShaftTopPopulator at 3358 42 -730 in a room of size 15x5 
[2025-08-18 13:36:09] [INFO   ] Registered: org.terraform.structure.mineshaft.CaveSpiderDenPopulator at 3400 42 -702 in a room of size 15x14 
[2025-08-18 13:36:09] [INFO   ] Registered: org.terraform.structure.mineshaft.SmeltingHallPopulator at 3430 42 -638 in a room of size 14x15 
[2025-08-18 13:36:09] [INFO   ] Registered: org.terraform.structure.mineshaft.CaveSpiderDenPopulator at 3386 42 -635 in a room of size 15x15 
[2025-08-18 13:36:09] [INFO   ] Registered: org.terraform.structure.mineshaft.ShaftTopPopulator at 3341 42 -742 in a room of size 14x6 
[2025-08-18 13:36:09] [INFO   ] Registered: org.terraform.structure.mineshaft.ShaftTopPopulator at 3462 42 -639 in a room of size 15x6 
[2025-08-18 13:36:09] [INFO   ] Spawning LushClusterCavePopulator at 3456,38,-1024 
[2025-08-18 13:36:10] [INFO   ] Spawning CrystallineClusterCavePopulator at 3440,19,-1032 
[2025-08-18 13:36:10] [INFO   ] Spawning CaveFluidClusterPopulator at 3480,-28,-1120 
[2025-08-18 13:36:12] [INFO   ] Spawning FrozenCavePopulator at 3488,81,-1152 
[2025-08-18 13:36:15] [INFO   ] Spawning DripstoneClusterCavePopulator at 3584,71,-1024 
[2025-08-18 13:36:15] [INFO   ] Large Cave at 3904,20,-704 has water level > -18 with populator LargeLushCavePopulator 
[2025-08-18 13:36:26] [INFO   ] Generating org.terraform.structure.caves.LargeCavePopulator at chunk: 212,-76 
[2025-08-18 13:36:44] [INFO   ] Generating org.terraform.structure.small.dungeon.SmallDungeonPopulator at chunk: 202,-56 
[2025-08-18 13:36:44] [INFO   ] Spawning Underground Dungeon at 3236,41,-883 
[2025-08-21 18:17:10] [INFO   ]  Custom Logger Initialized 
[2025-08-21 18:17:10] [INFO   ] [NOTICE] TerraformGenerator will suppress the server's watchdog while generating chunks to prevent unnecessary stacktrace warnings. Unless you specifically need thewatchdog now (to take aikar timings or debug lag), you don't need to take any action. 
[2025-08-21 18:17:10] [INFO   ] It is recommended to pregenerate to reduce lag problems. 
[2025-08-21 18:17:10] [INFO   ] Watchdog Thread hooked. 
[2025-08-21 18:17:10] [INFO   ]  bStats Metrics enabled. 
[2025-08-21 18:17:10] [INFO   ]  Detected version: 1.21.4, number: 21.4 
[2025-08-21 18:17:10] [INFO   ] Unfreezing biome registry... 
[2025-08-21 18:17:10] [INFO   ] Registered custom biome: muddy_bog 
[2025-08-21 18:17:10] [INFO   ] Registered custom biome: cherry_grove 
[2025-08-21 18:17:10] [INFO   ] Registered custom biome: scarlet_forest 
[2025-08-21 18:17:10] [INFO   ] Registered custom biome: crystalline_cluster 
[2025-08-21 18:17:10] [INFO   ] Freezing biome registry 
[2025-08-21 18:17:10] [INFO   ] [Structure Registry] Registered Large Structure: VillageHousePopulator 
[2025-08-21 18:17:10] [INFO   ] [Structure Registry] Registered Large Structure: VillagePopulator 
[2025-08-21 18:17:10] [INFO   ] [Structure Registry] Registered Large Structure: OutpostPopulator 
[2025-08-21 18:17:10] [INFO   ] [Structure Registry] Registered Large Structure: PyramidPopulator 
[2025-08-21 18:17:10] [INFO   ] [Structure Registry] Registered Large Structure: MonumentPopulator 
[2025-08-21 18:17:10] [INFO   ] [Structure Registry] Registered Large Structure: StrongholdPopulator 
[2025-08-21 18:17:10] [INFO   ] [Structure Registry] Registered Large Structure: MansionPopulator 
[2025-08-21 18:17:10] [INFO   ] [Structure Registry] Registered Large Structure: AncientCityPopulator 
[2025-08-21 18:17:10] [INFO   ] [Structure Registry] Registered Large Structure: TrialChamberPopulator 
[2025-08-21 18:17:10] [INFO   ] [Structure Registry] Registered Large Structure: LargeCavePopulator 
[2025-08-21 18:17:10] [INFO   ] [Structure Registry] Registered Large Structure: MineshaftPopulator 
[2025-08-21 18:17:10] [INFO   ] [Structure Registry] Registered Large Structure: CatacombsPopulator 
[2025-08-21 18:17:10] [INFO   ] [Structure Registry] Registered Large Structure: BadlandsMinePopulator 
[2025-08-21 18:17:10] [INFO   ] [Structure Registry] Registered Large Structure: WarmOceanRuinsPopulator 
[2025-08-21 18:17:10] [INFO   ] [Structure Registry] Registered Large Structure: TrailRuinsPopulator 
[2025-08-21 18:17:10] [INFO   ] [Structure Registry] Registered Small Structure: SmallDungeonPopulator 
[2025-08-21 18:17:10] [INFO   ] [Structure Registry] Registered Small Structure: ShipwreckPopulator 
[2025-08-21 18:17:10] [INFO   ] [Structure Registry] Registered Small Structure: BuriedTreasurePopulator 
[2025-08-21 18:17:10] [INFO   ] [Structure Registry] Registered Small Structure: RuinedPortalPopulator 
[2025-08-21 18:17:10] [INFO   ] [Structure Registry] Registered Small Structure: IglooPopulator 
[2025-08-21 18:17:10] [INFO   ] [Structure Registry] Registered Small Structure: DesertWellPopulator 
[2025-08-21 18:17:10] [INFO   ] [Structure Registry] Registered Small Structure: WitchHutPopulator 
[2025-08-21 18:17:19] [INFO   ] Creating TW instance: gama_alta - -311153547135682143 
[2025-08-21 18:17:19] [INFO   ]  Detected world: gama_alta, commencing injection...  
[2025-08-21 18:17:19] [INFO   ] Creating TW instance: gama_alta - -311153547135682143 
[2025-08-21 18:17:19] [INFO   ] NMSChunkGenerator Delegate is of type CustomChunkGenerator 
[2025-08-21 18:17:19] [INFO   ] Post injection: getChunkSource().getChunkGenerator() is of type NMSChunkGenerator 
[2025-08-21 18:17:19] [INFO   ]  Injection success! Proceeding with generation. 
[2025-08-21 18:17:19] [INFO   ]  gama_alta loaded. 
[2025-08-21 18:17:55] [INFO   ] Will spawn stronghold at: CoordPair[x=46, z=1407] 
[2025-08-21 18:18:02] [INFO   ] Spawning DeepCavePopulator at 1216,-33,4976 
[2025-08-21 18:18:02] [INFO   ] Spawning ForestedMountainsCavePopulator at 1216,20,4980 
[2025-08-21 18:18:02] [INFO   ] Registered: org.terraform.structure.mineshaft.ShaftRoomPopulator at 1402 4 4913 in a room of size 13x14 
[2025-08-21 18:18:02] [INFO   ] Registered: org.terraform.structure.mineshaft.SmeltingHallPopulator at 1362 4 4926 in a room of size 15x14 
[2025-08-21 18:18:02] [INFO   ] Registered: org.terraform.structure.mineshaft.CaveSpiderDenPopulator at 1307 4 4953 in a room of size 14x14 
[2025-08-21 18:18:02] [INFO   ] Registered: org.terraform.structure.mineshaft.ShaftRoomPopulator at 1319 4 4874 in a room of size 14x14 
[2025-08-21 18:18:02] [INFO   ] Registered: org.terraform.structure.mineshaft.SmeltingHallPopulator at 1406 4 4973 in a room of size 15x14 
[2025-08-21 18:18:02] [INFO   ] Registered: org.terraform.structure.mineshaft.ShaftRoomPopulator at 1367 4 4854 in a room of size 15x13 
[2025-08-21 18:18:02] [INFO   ] Registered: org.terraform.structure.mineshaft.CaveSpiderDenPopulator at 1288 4 5003 in a room of size 15x13 
[2025-08-21 18:18:02] [INFO   ] Registered: org.terraform.structure.mineshaft.ShaftRoomPopulator at 1288 4 4973 in a room of size 14x15 
[2025-08-21 18:18:02] [INFO   ] Registered: org.terraform.structure.mineshaft.SmeltingHallPopulator at 1393 4 5001 in a room of size 14x13 
[2025-08-21 18:18:02] [INFO   ] Registered: org.terraform.structure.mineshaft.ShaftTopPopulator at 1367 19 4854 in a room of size 15x5 
[2025-08-21 18:18:02] [INFO   ] Registered: org.terraform.structure.mineshaft.ShaftTopPopulator at 1288 19 4973 in a room of size 14x5 
[2025-08-21 18:18:02] [INFO   ] Registered: org.terraform.structure.mineshaft.SmeltingHallPopulator at 1285 19 4937 in a room of size 14x14 
[2025-08-21 18:18:02] [INFO   ] Registered: org.terraform.structure.mineshaft.SmeltingHallPopulator at 1411 19 4880 in a room of size 13x15 
[2025-08-21 18:18:02] [INFO   ] Registered: org.terraform.structure.mineshaft.SmeltingHallPopulator at 1360 19 4876 in a room of size 14x15 
[2025-08-21 18:18:02] [INFO   ] Registered: org.terraform.structure.mineshaft.CaveSpiderDenPopulator at 1317 19 4985 in a room of size 13x13 
[2025-08-21 18:18:02] [INFO   ] Registered: org.terraform.structure.mineshaft.SmeltingHallPopulator at 1340 19 4925 in a room of size 14x14 
[2025-08-21 18:18:02] [INFO   ] Registered: org.terraform.structure.mineshaft.CaveSpiderDenPopulator at 1292 19 4920 in a room of size 13x13 
[2025-08-21 18:18:02] [INFO   ] Registered: org.terraform.structure.mineshaft.SmeltingHallPopulator at 1301 19 4878 in a room of size 14x14 
[2025-08-21 18:18:02] [INFO   ] Registered: org.terraform.structure.mineshaft.CaveSpiderDenPopulator at 1361 19 4943 in a room of size 13x15 
[2025-08-21 18:18:02] [INFO   ] Registered: org.terraform.structure.mineshaft.CaveSpiderDenPopulator at 1291 19 4855 in a room of size 15x15 
[2025-08-21 18:18:02] [INFO   ] Registered: org.terraform.structure.mineshaft.ShaftTopPopulator at 1402 19 4913 in a room of size 13x7 
[2025-08-21 18:18:02] [INFO   ] Registered: org.terraform.structure.mineshaft.ShaftTopPopulator at 1319 19 4874 in a room of size 14x5 
[2025-08-21 18:18:02] [INFO   ] Spawning MossyCavePopulator at 3072,3,1840 
[2025-08-21 18:18:02] [INFO   ] Registered: org.terraform.structure.mineshaft.SmeltingHallPopulator at 1890 17 -2693 in a room of size 14x14 
[2025-08-21 18:18:02] [INFO   ] Registered: org.terraform.structure.mineshaft.CaveSpiderDenPopulator at 1827 17 -2691 in a room of size 15x13 
[2025-08-21 18:18:02] [INFO   ] Registered: org.terraform.structure.mineshaft.CaveSpiderDenPopulator at 1820 17 -2744 in a room of size 13x13 
[2025-08-21 18:18:02] [INFO   ] Registered: org.terraform.structure.mineshaft.SmeltingHallPopulator at 1879 17 -2781 in a room of size 14x15 
[2025-08-21 18:18:02] [INFO   ] Registered: org.terraform.structure.mineshaft.SmeltingHallPopulator at 1879 17 -2722 in a room of size 15x14 
[2025-08-21 18:18:02] [INFO   ] Registered: org.terraform.structure.mineshaft.CaveSpiderDenPopulator at 1841 17 -2761 in a room of size 13x14 
[2025-08-21 18:18:02] [INFO   ] Registered: org.terraform.structure.mineshaft.CaveSpiderDenPopulator at 1801 17 -2759 in a room of size 15x14 
[2025-08-21 18:18:02] [INFO   ] Registered: org.terraform.structure.mineshaft.CaveSpiderDenPopulator at 1921 17 -2788 in a room of size 15x15 
[2025-08-21 18:18:05] [INFO   ] Spawning CaveFluidClusterPopulator at 1240,98,5000 
[2025-08-21 18:18:07] [INFO   ] Spawning LushClusterCavePopulator at 3072,30,1856 
[2025-08-21 18:18:07] [INFO   ] Spawning CrystallineClusterCavePopulator at 1634,0,-2924 
[2025-08-21 18:18:12] [INFO   ] Large Cave at 1344,22,-3776 has water level > -16 with populator GenericLargeCavePopulator 
[2025-08-21 18:18:18] [INFO   ] Spawning ancient city at: 3392,-15,-3264 
[2025-08-21 18:18:18] [INFO   ] Registered: org.terraform.structure.ancientcity.AncientCitySchematicPlatform at 3437 -15 -3237 in a room of size 19x18 
[2025-08-21 18:18:18] [INFO   ] Registered: org.terraform.structure.ancientcity.AncientCityRuinsPlatform at 3430 -15 -3310 in a room of size 18x24 
[2025-08-21 18:18:18] [INFO   ] Registered: org.terraform.structure.ancientcity.AncientCitySchematicPlatform at 3439 -15 -3273 in a room of size 16x23 
[2025-08-21 18:18:18] [INFO   ] Registered: org.terraform.structure.ancientcity.AncientCityAltarPopulator at 3362 -15 -3244 in a room of size 16x19 
[2025-08-21 18:18:18] [INFO   ] Registered: org.terraform.structure.ancientcity.AncientCityAltarPopulator at 3397 -15 -3296 in a room of size 26x23 
[2025-08-21 18:18:18] [INFO   ] Registered: org.terraform.structure.ancientcity.AncientCityAltarPopulator at 3349 -15 -3211 in a room of size 17x21 
[2025-08-21 18:18:18] [INFO   ] Registered: org.terraform.structure.ancientcity.AncientCitySchematicPlatform at 3435 -15 -3204 in a room of size 22x20 
[2025-08-21 18:18:18] [INFO   ] Registered: org.terraform.structure.ancientcity.AncientCityAltarPopulator at 3411 -15 -3204 in a room of size 22x23 
[2025-08-21 18:18:18] [INFO   ] Registered: org.terraform.structure.ancientcity.AncientCitySchematicPlatform at 3340 -15 -3307 in a room of size 18x19 
[2025-08-21 18:18:18] [INFO   ] Registered: org.terraform.structure.ancientcity.AncientCityCenterPlatformPopulator at 3400 -15 -3256 in a room of size 46x46 
[2025-08-21 18:18:18] [INFO   ] Registered: org.terraform.structure.ancientcity.AncientCityRuinsPlatform at 3372 -15 -3208 in a room of size 19x21 
[2025-08-21 18:18:18] [INFO   ] Registered: org.terraform.structure.ancientcity.AncientCitySchematicPlatform at 3337 -15 -3284 in a room of size 16x23 
[2025-08-21 18:18:18] [INFO   ] Registered: org.terraform.structure.ancientcity.AncientCitySchematicPlatform at 3339 -15 -3258 in a room of size 24x26 
[2025-08-21 18:18:23] [INFO   ] Large Cave at -704,19,1856 has water level > -19 with populator LargeLushCavePopulator 
[2025-08-21 18:18:24] [INFO   ] Spawning DripstoneClusterCavePopulator at -960,24,1728 
[2025-08-22 17:53:31] [INFO   ]  Custom Logger Initialized 
[2025-08-22 17:53:31] [INFO   ] [NOTICE] TerraformGenerator will suppress the server's watchdog while generating chunks to prevent unnecessary stacktrace warnings. Unless you specifically need thewatchdog now (to take aikar timings or debug lag), you don't need to take any action. 
[2025-08-22 17:53:31] [INFO   ] It is recommended to pregenerate to reduce lag problems. 
[2025-08-22 17:53:31] [INFO   ] Watchdog Thread hooked. 
[2025-08-22 17:53:31] [INFO   ]  bStats Metrics enabled. 
[2025-08-22 17:53:31] [INFO   ]  Detected version: 1.21.4, number: 21.4 
[2025-08-22 17:53:31] [INFO   ] Unfreezing biome registry... 
[2025-08-22 17:53:31] [INFO   ] Registered custom biome: muddy_bog 
[2025-08-22 17:53:31] [INFO   ] Registered custom biome: cherry_grove 
[2025-08-22 17:53:31] [INFO   ] Registered custom biome: scarlet_forest 
[2025-08-22 17:53:31] [INFO   ] Registered custom biome: crystalline_cluster 
[2025-08-22 17:53:31] [INFO   ] Freezing biome registry 
[2025-08-22 17:53:31] [INFO   ] [Structure Registry] Registered Large Structure: VillageHousePopulator 
[2025-08-22 17:53:31] [INFO   ] [Structure Registry] Registered Large Structure: VillagePopulator 
[2025-08-22 17:53:31] [INFO   ] [Structure Registry] Registered Large Structure: OutpostPopulator 
[2025-08-22 17:53:31] [INFO   ] [Structure Registry] Registered Large Structure: PyramidPopulator 
[2025-08-22 17:53:31] [INFO   ] [Structure Registry] Registered Large Structure: MonumentPopulator 
[2025-08-22 17:53:31] [INFO   ] [Structure Registry] Registered Large Structure: StrongholdPopulator 
[2025-08-22 17:53:31] [INFO   ] [Structure Registry] Registered Large Structure: MansionPopulator 
[2025-08-22 17:53:31] [INFO   ] [Structure Registry] Registered Large Structure: AncientCityPopulator 
[2025-08-22 17:53:31] [INFO   ] [Structure Registry] Registered Large Structure: TrialChamberPopulator 
[2025-08-22 17:53:31] [INFO   ] [Structure Registry] Registered Large Structure: LargeCavePopulator 
[2025-08-22 17:53:31] [INFO   ] [Structure Registry] Registered Large Structure: MineshaftPopulator 
[2025-08-22 17:53:31] [INFO   ] [Structure Registry] Registered Large Structure: CatacombsPopulator 
[2025-08-22 17:53:31] [INFO   ] [Structure Registry] Registered Large Structure: BadlandsMinePopulator 
[2025-08-22 17:53:31] [INFO   ] [Structure Registry] Registered Large Structure: WarmOceanRuinsPopulator 
[2025-08-22 17:53:31] [INFO   ] [Structure Registry] Registered Large Structure: TrailRuinsPopulator 
[2025-08-22 17:53:31] [INFO   ] [Structure Registry] Registered Small Structure: SmallDungeonPopulator 
[2025-08-22 17:53:31] [INFO   ] [Structure Registry] Registered Small Structure: ShipwreckPopulator 
[2025-08-22 17:53:31] [INFO   ] [Structure Registry] Registered Small Structure: BuriedTreasurePopulator 
[2025-08-22 17:53:31] [INFO   ] [Structure Registry] Registered Small Structure: RuinedPortalPopulator 
[2025-08-22 17:53:31] [INFO   ] [Structure Registry] Registered Small Structure: IglooPopulator 
[2025-08-22 17:53:31] [INFO   ] [Structure Registry] Registered Small Structure: DesertWellPopulator 
[2025-08-22 17:53:31] [INFO   ] [Structure Registry] Registered Small Structure: WitchHutPopulator 
[2025-08-22 17:53:41] [INFO   ] Creating TW instance: gama_alta - -311153547135682143 
[2025-08-22 17:53:41] [INFO   ]  Detected world: gama_alta, commencing injection...  
[2025-08-22 17:53:41] [INFO   ] Creating TW instance: gama_alta - -311153547135682143 
[2025-08-22 17:53:41] [INFO   ] NMSChunkGenerator Delegate is of type CustomChunkGenerator 
[2025-08-22 17:53:41] [INFO   ] Post injection: getChunkSource().getChunkGenerator() is of type NMSChunkGenerator 
[2025-08-22 17:53:41] [INFO   ]  Injection success! Proceeding with generation. 
[2025-08-22 17:53:42] [INFO   ]  gama_alta loaded. 
[2025-08-22 17:54:32] [INFO   ] Will spawn stronghold at: CoordPair[x=46, z=1407] 
[2025-08-22 17:54:37] [INFO   ] -108,-268 will spawn a vanilla structure, with tryGenerateStructure == true 
[2025-08-22 17:54:45] [INFO   ] Spawning MossyCavePopulator at -1628,-3,-4264 
[2025-08-22 17:54:45] [INFO   ] Spawning DeepCavePopulator at -1626,-43,-4264 
[2025-08-22 17:54:46] [INFO   ] Spawning FrozenCavePopulator at -976,-31,-320 
[2025-08-22 17:54:46] [INFO   ] Large Cave at -704,22,-192 has water level > -16 with populator GenericLargeCavePopulator 
[2025-08-22 17:54:46] [INFO   ] Spawning CaveFluidClusterPopulator at 4360,-4,3160 
[2025-08-22 17:54:58] [INFO   ] Spawning LushClusterCavePopulator at 2304,10,384 
[2025-08-28 18:12:27] [INFO   ]  Custom Logger Initialized 
[2025-08-28 18:12:27] [INFO   ] [NOTICE] TerraformGenerator will suppress the server's watchdog while generating chunks to prevent unnecessary stacktrace warnings. Unless you specifically need thewatchdog now (to take aikar timings or debug lag), you don't need to take any action. 
[2025-08-28 18:12:27] [INFO   ] It is recommended to pregenerate to reduce lag problems. 
[2025-08-28 18:12:27] [INFO   ] Watchdog Thread hooked. 
[2025-08-28 18:12:27] [INFO   ]  bStats Metrics enabled. 
[2025-08-28 18:12:27] [INFO   ]  Detected version: 1.21.4, number: 21.4 
[2025-08-28 18:12:27] [INFO   ] Unfreezing biome registry... 
[2025-08-28 18:12:27] [INFO   ] Registered custom biome: muddy_bog 
[2025-08-28 18:12:27] [INFO   ] Registered custom biome: cherry_grove 
[2025-08-28 18:12:27] [INFO   ] Registered custom biome: scarlet_forest 
[2025-08-28 18:12:27] [INFO   ] Registered custom biome: crystalline_cluster 
[2025-08-28 18:12:27] [INFO   ] Freezing biome registry 
[2025-08-28 18:12:27] [INFO   ] [Structure Registry] Registered Large Structure: VillageHousePopulator 
[2025-08-28 18:12:27] [INFO   ] [Structure Registry] Registered Large Structure: VillagePopulator 
[2025-08-28 18:12:27] [INFO   ] [Structure Registry] Registered Large Structure: OutpostPopulator 
[2025-08-28 18:12:27] [INFO   ] [Structure Registry] Registered Large Structure: PyramidPopulator 
[2025-08-28 18:12:27] [INFO   ] [Structure Registry] Registered Large Structure: MonumentPopulator 
[2025-08-28 18:12:27] [INFO   ] [Structure Registry] Registered Large Structure: StrongholdPopulator 
[2025-08-28 18:12:27] [INFO   ] [Structure Registry] Registered Large Structure: MansionPopulator 
[2025-08-28 18:12:27] [INFO   ] [Structure Registry] Registered Large Structure: AncientCityPopulator 
[2025-08-28 18:12:27] [INFO   ] [Structure Registry] Registered Large Structure: TrialChamberPopulator 
[2025-08-28 18:12:27] [INFO   ] [Structure Registry] Registered Large Structure: LargeCavePopulator 
[2025-08-28 18:12:27] [INFO   ] [Structure Registry] Registered Large Structure: MineshaftPopulator 
[2025-08-28 18:12:27] [INFO   ] [Structure Registry] Registered Large Structure: CatacombsPopulator 
[2025-08-28 18:12:27] [INFO   ] [Structure Registry] Registered Large Structure: BadlandsMinePopulator 
[2025-08-28 18:12:27] [INFO   ] [Structure Registry] Registered Large Structure: WarmOceanRuinsPopulator 
[2025-08-28 18:12:27] [INFO   ] [Structure Registry] Registered Large Structure: TrailRuinsPopulator 
[2025-08-28 18:12:27] [INFO   ] [Structure Registry] Registered Small Structure: SmallDungeonPopulator 
[2025-08-28 18:12:27] [INFO   ] [Structure Registry] Registered Small Structure: ShipwreckPopulator 
[2025-08-28 18:12:27] [INFO   ] [Structure Registry] Registered Small Structure: BuriedTreasurePopulator 
[2025-08-28 18:12:27] [INFO   ] [Structure Registry] Registered Small Structure: RuinedPortalPopulator 
[2025-08-28 18:12:27] [INFO   ] [Structure Registry] Registered Small Structure: IglooPopulator 
[2025-08-28 18:12:27] [INFO   ] [Structure Registry] Registered Small Structure: DesertWellPopulator 
[2025-08-28 18:12:27] [INFO   ] [Structure Registry] Registered Small Structure: WitchHutPopulator 
[2025-08-28 18:12:37] [INFO   ] Creating TW instance: gama_alta - -311153547135682143 
[2025-08-28 18:12:37] [INFO   ]  Detected world: gama_alta, commencing injection...  
[2025-08-28 18:12:37] [INFO   ] Creating TW instance: gama_alta - -311153547135682143 
[2025-08-28 18:12:37] [INFO   ] NMSChunkGenerator Delegate is of type CustomChunkGenerator 
[2025-08-28 18:12:37] [INFO   ] Post injection: getChunkSource().getChunkGenerator() is of type NMSChunkGenerator 
[2025-08-28 18:12:37] [INFO   ]  Injection success! Proceeding with generation. 
[2025-08-28 18:12:38] [INFO   ]  gama_alta loaded. 
[2025-08-28 18:13:20] [INFO   ] Will spawn stronghold at: CoordPair[x=46, z=1407] 
[2025-08-28 18:13:22] [INFO   ] -300,148 will spawn a vanilla structure, with tryGenerateStructure == true 
[2025-08-28 18:13:27] [INFO   ] Spawning MossyCavePopulator at -4480,58,3376 
[2025-08-28 18:13:27] [INFO   ] Spawning DeepCavePopulator at -4477,-33,3384 
[2025-08-28 18:13:27] [INFO   ] Spawning ancient city at: -4288,-12,3392 
[2025-08-28 18:13:27] [INFO   ] Registered: org.terraform.structure.ancientcity.AncientCityAltarPopulator at -4267 -12 3448 in a room of size 25x23 
[2025-08-28 18:13:27] [INFO   ] Registered: org.terraform.structure.ancientcity.AncientCityAltarPopulator at -4343 -12 3393 in a room of size 19x22 
[2025-08-28 18:13:27] [INFO   ] Registered: org.terraform.structure.ancientcity.AncientCityAltarPopulator at -4242 -12 3452 in a room of size 19x23 
[2025-08-28 18:13:27] [INFO   ] Registered: org.terraform.structure.ancientcity.AncientCitySchematicPlatform at -4339 -12 3357 in a room of size 20x22 
[2025-08-28 18:13:27] [INFO   ] Registered: org.terraform.structure.ancientcity.AncientCityRuinsPlatform at -4229 -12 3333 in a room of size 22x16 
[2025-08-28 18:13:27] [INFO   ] Registered: org.terraform.structure.ancientcity.AncientCityRuinsPlatform at -4324 -12 3422 in a room of size 19x26 
[2025-08-28 18:13:27] [INFO   ] Registered: org.terraform.structure.ancientcity.AncientCityRuinsPlatform at -4318 -12 3373 in a room of size 19x20 
[2025-08-28 18:13:27] [INFO   ] Registered: org.terraform.structure.ancientcity.AncientCitySchematicPlatform at -4240 -12 3411 in a room of size 23x22 
[2025-08-28 18:13:27] [INFO   ] Registered: org.terraform.structure.ancientcity.AncientCityRuinsPlatform at -4297 -12 3444 in a room of size 19x18 
[2025-08-28 18:13:27] [INFO   ] Registered: org.terraform.structure.ancientcity.AncientCityCenterPlatformPopulator at -4280 -12 3400 in a room of size 46x46 
[2025-08-28 18:13:27] [INFO   ] Registered: org.terraform.structure.ancientcity.AncientCityLargePillarRoomPopulator at -4269 -12 3344 in a room of size 18x20 
[2025-08-28 18:13:27] [INFO   ] Registered: org.terraform.structure.ancientcity.AncientCitySchematicPlatform at -4301 -12 3341 in a room of size 26x24 
[2025-08-28 18:13:27] [INFO   ] Spawning ancient city at: -3264,-20,2368 
[2025-08-28 18:13:27] [INFO   ] Registered: org.terraform.structure.ancientcity.AncientCitySchematicPlatform at -3322 -20 2324 in a room of size 22x21 
[2025-08-28 18:13:27] [INFO   ] Registered: org.terraform.structure.ancientcity.AncientCitySchematicPlatform at -3209 -20 2420 in a room of size 26x21 
[2025-08-28 18:13:27] [INFO   ] Registered: org.terraform.structure.ancientcity.AncientCitySchematicPlatform at -3302 -20 2379 in a room of size 26x26 
[2025-08-28 18:13:27] [INFO   ] Registered: org.terraform.structure.ancientcity.AncientCityAltarPopulator at -3267 -20 2417 in a room of size 17x24 
[2025-08-28 18:13:27] [INFO   ] Registered: org.terraform.structure.ancientcity.AncientCitySchematicPlatform at -3227 -20 2311 in a room of size 19x26 
[2025-08-28 18:13:27] [INFO   ] Registered: org.terraform.structure.ancientcity.AncientCityAltarPopulator at -3301 -20 2355 in a room of size 23x21 
[2025-08-28 18:13:27] [INFO   ] Registered: org.terraform.structure.ancientcity.AncientCitySchematicPlatform at -3295 -20 2333 in a room of size 16x24 
[2025-08-28 18:13:27] [INFO   ] Registered: org.terraform.structure.ancientcity.AncientCitySchematicPlatform at -3258 -20 2324 in a room of size 26x23 
[2025-08-28 18:13:27] [INFO   ] Registered: org.terraform.structure.ancientcity.AncientCityCenterPlatformPopulator at -3256 -20 2376 in a room of size 46x46 
[2025-08-28 18:13:27] [INFO   ] Registered: org.terraform.structure.ancientcity.AncientCitySchematicPlatform at -3236 -20 2421 in a room of size 20x21 
[2025-08-28 18:13:27] [INFO   ] Registered: org.terraform.structure.ancientcity.AncientCityAltarPopulator at -3320 -20 2417 in a room of size 23x22 
[2025-08-28 18:13:29] [INFO   ] Spawning LushClusterCavePopulator at -4480,68,3392 
[2025-08-28 18:13:29] [INFO   ] Spawning CaveFluidClusterPopulator at -4480,61,3360 
[2025-08-28 18:13:30] [INFO   ] Spawning DripstoneClusterCavePopulator at -3456,17,2304 
[2025-08-28 18:13:30] [INFO   ] Spawning CrystallineClusterCavePopulator at -3440,41,2322 
[2025-08-28 18:13:37] [INFO   ] Large Cave at -4800,40,3392 has water level > -19 with populator LargeLushCavePopulator 
[2025-08-30 14:56:57] [INFO   ]  Custom Logger Initialized 
[2025-08-30 14:56:57] [INFO   ] [NOTICE] TerraformGenerator will suppress the server's watchdog while generating chunks to prevent unnecessary stacktrace warnings. Unless you specifically need thewatchdog now (to take aikar timings or debug lag), you don't need to take any action. 
[2025-08-30 14:56:57] [INFO   ] It is recommended to pregenerate to reduce lag problems. 
[2025-08-30 14:56:57] [INFO   ] Watchdog Thread hooked. 
[2025-08-30 14:56:57] [INFO   ]  bStats Metrics enabled. 
[2025-08-30 14:56:57] [INFO   ]  Detected version: 1.21.4, number: 21.4 
[2025-08-30 14:56:57] [INFO   ] Unfreezing biome registry... 
[2025-08-30 14:56:57] [INFO   ] Registered custom biome: muddy_bog 
[2025-08-30 14:56:57] [INFO   ] Registered custom biome: cherry_grove 
[2025-08-30 14:56:57] [INFO   ] Registered custom biome: scarlet_forest 
[2025-08-30 14:56:57] [INFO   ] Registered custom biome: crystalline_cluster 
[2025-08-30 14:56:57] [INFO   ] Freezing biome registry 
[2025-08-30 14:56:57] [INFO   ] [Structure Registry] Registered Large Structure: VillageHousePopulator 
[2025-08-30 14:56:57] [INFO   ] [Structure Registry] Registered Large Structure: VillagePopulator 
[2025-08-30 14:56:57] [INFO   ] [Structure Registry] Registered Large Structure: OutpostPopulator 
[2025-08-30 14:56:57] [INFO   ] [Structure Registry] Registered Large Structure: PyramidPopulator 
[2025-08-30 14:56:57] [INFO   ] [Structure Registry] Registered Large Structure: MonumentPopulator 
[2025-08-30 14:56:57] [INFO   ] [Structure Registry] Registered Large Structure: StrongholdPopulator 
[2025-08-30 14:56:57] [INFO   ] [Structure Registry] Registered Large Structure: MansionPopulator 
[2025-08-30 14:56:57] [INFO   ] [Structure Registry] Registered Large Structure: AncientCityPopulator 
[2025-08-30 14:56:57] [INFO   ] [Structure Registry] Registered Large Structure: TrialChamberPopulator 
[2025-08-30 14:56:57] [INFO   ] [Structure Registry] Registered Large Structure: LargeCavePopulator 
[2025-08-30 14:56:57] [INFO   ] [Structure Registry] Registered Large Structure: MineshaftPopulator 
[2025-08-30 14:56:57] [INFO   ] [Structure Registry] Registered Large Structure: CatacombsPopulator 
[2025-08-30 14:56:57] [INFO   ] [Structure Registry] Registered Large Structure: BadlandsMinePopulator 
[2025-08-30 14:56:57] [INFO   ] [Structure Registry] Registered Large Structure: WarmOceanRuinsPopulator 
[2025-08-30 14:56:57] [INFO   ] [Structure Registry] Registered Large Structure: TrailRuinsPopulator 
[2025-08-30 14:56:57] [INFO   ] [Structure Registry] Registered Small Structure: SmallDungeonPopulator 
[2025-08-30 14:56:57] [INFO   ] [Structure Registry] Registered Small Structure: ShipwreckPopulator 
[2025-08-30 14:56:57] [INFO   ] [Structure Registry] Registered Small Structure: BuriedTreasurePopulator 
[2025-08-30 14:56:57] [INFO   ] [Structure Registry] Registered Small Structure: RuinedPortalPopulator 
[2025-08-30 14:56:57] [INFO   ] [Structure Registry] Registered Small Structure: IglooPopulator 
[2025-08-30 14:56:57] [INFO   ] [Structure Registry] Registered Small Structure: DesertWellPopulator 
[2025-08-30 14:56:57] [INFO   ] [Structure Registry] Registered Small Structure: WitchHutPopulator 
[2025-08-30 14:57:06] [INFO   ] Creating TW instance: gama_alta - -311153547135682143 
[2025-08-30 14:57:06] [INFO   ]  Detected world: gama_alta, commencing injection...  
[2025-08-30 14:57:06] [INFO   ] Creating TW instance: gama_alta - -311153547135682143 
[2025-08-30 14:57:06] [INFO   ] NMSChunkGenerator Delegate is of type CustomChunkGenerator 
[2025-08-30 14:57:06] [INFO   ] Post injection: getChunkSource().getChunkGenerator() is of type NMSChunkGenerator 
[2025-08-30 14:57:06] [INFO   ]  Injection success! Proceeding with generation. 
[2025-08-30 14:57:07] [INFO   ]  gama_alta loaded. 
[2025-08-30 14:57:47] [INFO   ] Will spawn stronghold at: CoordPair[x=46, z=1407] 
[2025-08-30 14:57:53] [INFO   ] -204,20 will spawn a vanilla structure, with tryGenerateStructure == true 
[2025-08-30 14:57:53] [INFO   ] Spawning FrozenCavePopulator at -2576,32,-1264 
[2025-08-30 14:57:53] [INFO   ] Spawning DeepCavePopulator at -2576,-47,-1256 
[2025-08-30 14:57:53] [INFO   ] Spawning MossyCavePopulator at -2576,39,-1250 
[2025-08-30 14:57:54] [INFO   ] Spawning CrystallineClusterCavePopulator at -3096,-10,172 
[2025-08-30 14:57:54] [INFO   ] Spawning ancient city at: -4288,-19,3392 
[2025-08-30 14:57:54] [INFO   ] Registered: org.terraform.structure.ancientcity.AncientCitySchematicPlatform at -4298 -19 3436 in a room of size 26x22 
[2025-08-30 14:57:54] [INFO   ] Registered: org.terraform.structure.ancientcity.AncientCityAltarPopulator at -4270 -19 3362 in a room of size 20x21 
[2025-08-30 14:57:54] [INFO   ] Registered: org.terraform.structure.ancientcity.AncientCitySchematicPlatform at -4261 -19 3443 in a room of size 21x26 
[2025-08-30 14:57:54] [INFO   ] Registered: org.terraform.structure.ancientcity.AncientCityLargePillarRoomPopulator at -4322 -19 3381 in a room of size 16x16 
[2025-08-30 14:57:54] [INFO   ] Registered: org.terraform.structure.ancientcity.AncientCitySchematicPlatform at -4326 -19 3359 in a room of size 17x20 
[2025-08-30 14:57:54] [INFO   ] Registered: org.terraform.structure.ancientcity.AncientCitySchematicPlatform at -4347 -19 3386 in a room of size 17x21 
[2025-08-30 14:57:54] [INFO   ] Registered: org.terraform.structure.ancientcity.AncientCityAltarPopulator at -4283 -19 3340 in a room of size 20x23 
[2025-08-30 14:57:54] [INFO   ] Registered: org.terraform.structure.ancientcity.AncientCitySchematicPlatform at -4307 -19 3342 in a room of size 16x22 
[2025-08-30 14:57:54] [INFO   ] Registered: org.terraform.structure.ancientcity.AncientCitySchematicPlatform at -4247 -19 3406 in a room of size 16x26 
[2025-08-30 14:57:54] [INFO   ] Registered: org.terraform.structure.ancientcity.AncientCityCenterPlatformPopulator at -4280 -19 3400 in a room of size 46x46 
[2025-08-30 14:57:54] [INFO   ] Registered: org.terraform.structure.ancientcity.AncientCitySchematicPlatform at -4329 -19 3423 in a room of size 19x25 
[2025-08-30 14:57:54] [INFO   ] Registered: org.terraform.structure.ancientcity.AncientCityRuinsPlatform at -4235 -19 3356 in a room of size 17x25 
[2025-08-30 14:57:54] [INFO   ] Spawning CaveFluidClusterPopulator at -2560,-32,-1240 
[2025-08-30 14:57:55] [INFO   ] Spawning DripstoneClusterCavePopulator at -2560,29,-1280 
[2025-09-01 11:48:28] [INFO   ]  Custom Logger Initialized 
[2025-09-01 11:48:28] [INFO   ] [NOTICE] TerraformGenerator will suppress the server's watchdog while generating chunks to prevent unnecessary stacktrace warnings. Unless you specifically need thewatchdog now (to take aikar timings or debug lag), you don't need to take any action. 
[2025-09-01 11:48:28] [INFO   ] It is recommended to pregenerate to reduce lag problems. 
[2025-09-01 11:48:28] [INFO   ] Watchdog Thread hooked. 
[2025-09-01 11:48:28] [INFO   ]  bStats Metrics enabled. 
[2025-09-01 11:48:28] [INFO   ]  Detected version: 1.21.4, number: 21.4 
[2025-09-01 11:48:28] [INFO   ] Unfreezing biome registry... 
[2025-09-01 11:48:28] [INFO   ] Registered custom biome: muddy_bog 
[2025-09-01 11:48:28] [INFO   ] Registered custom biome: cherry_grove 
[2025-09-01 11:48:28] [INFO   ] Registered custom biome: scarlet_forest 
[2025-09-01 11:48:28] [INFO   ] Registered custom biome: crystalline_cluster 
[2025-09-01 11:48:28] [INFO   ] Freezing biome registry 
[2025-09-01 11:48:28] [INFO   ] [Structure Registry] Registered Large Structure: VillageHousePopulator 
[2025-09-01 11:48:28] [INFO   ] [Structure Registry] Registered Large Structure: VillagePopulator 
[2025-09-01 11:48:28] [INFO   ] [Structure Registry] Registered Large Structure: OutpostPopulator 
[2025-09-01 11:48:28] [INFO   ] [Structure Registry] Registered Large Structure: PyramidPopulator 
[2025-09-01 11:48:28] [INFO   ] [Structure Registry] Registered Large Structure: MonumentPopulator 
[2025-09-01 11:48:28] [INFO   ] [Structure Registry] Registered Large Structure: StrongholdPopulator 
[2025-09-01 11:48:28] [INFO   ] [Structure Registry] Registered Large Structure: MansionPopulator 
[2025-09-01 11:48:28] [INFO   ] [Structure Registry] Registered Large Structure: AncientCityPopulator 
[2025-09-01 11:48:28] [INFO   ] [Structure Registry] Registered Large Structure: TrialChamberPopulator 
[2025-09-01 11:48:28] [INFO   ] [Structure Registry] Registered Large Structure: LargeCavePopulator 
[2025-09-01 11:48:28] [INFO   ] [Structure Registry] Registered Large Structure: MineshaftPopulator 
[2025-09-01 11:48:28] [INFO   ] [Structure Registry] Registered Large Structure: CatacombsPopulator 
[2025-09-01 11:48:28] [INFO   ] [Structure Registry] Registered Large Structure: BadlandsMinePopulator 
[2025-09-01 11:48:28] [INFO   ] [Structure Registry] Registered Large Structure: WarmOceanRuinsPopulator 
[2025-09-01 11:48:28] [INFO   ] [Structure Registry] Registered Large Structure: TrailRuinsPopulator 
[2025-09-01 11:48:28] [INFO   ] [Structure Registry] Registered Small Structure: SmallDungeonPopulator 
[2025-09-01 11:48:28] [INFO   ] [Structure Registry] Registered Small Structure: ShipwreckPopulator 
[2025-09-01 11:48:28] [INFO   ] [Structure Registry] Registered Small Structure: BuriedTreasurePopulator 
[2025-09-01 11:48:28] [INFO   ] [Structure Registry] Registered Small Structure: RuinedPortalPopulator 
[2025-09-01 11:48:28] [INFO   ] [Structure Registry] Registered Small Structure: IglooPopulator 
[2025-09-01 11:48:28] [INFO   ] [Structure Registry] Registered Small Structure: DesertWellPopulator 
[2025-09-01 11:48:28] [INFO   ] [Structure Registry] Registered Small Structure: WitchHutPopulator 
[2025-09-01 11:48:37] [INFO   ] Creating TW instance: gama_alta - -311153547135682143 
[2025-09-01 11:48:37] [INFO   ]  Detected world: gama_alta, commencing injection...  
[2025-09-01 11:48:37] [INFO   ] Creating TW instance: gama_alta - -311153547135682143 
[2025-09-01 11:48:37] [INFO   ] NMSChunkGenerator Delegate is of type CustomChunkGenerator 
[2025-09-01 11:48:37] [INFO   ] Post injection: getChunkSource().getChunkGenerator() is of type NMSChunkGenerator 
[2025-09-01 11:48:37] [INFO   ]  Injection success! Proceeding with generation. 
[2025-09-01 11:48:39] [INFO   ]  gama_alta loaded. 
[2025-09-01 15:16:22] [INFO   ]  Custom Logger Initialized 
[2025-09-01 15:16:22] [INFO   ] [NOTICE] TerraformGenerator will suppress the server's watchdog while generating chunks to prevent unnecessary stacktrace warnings. Unless you specifically need thewatchdog now (to take aikar timings or debug lag), you don't need to take any action. 
[2025-09-01 15:16:22] [INFO   ] It is recommended to pregenerate to reduce lag problems. 
[2025-09-01 15:16:22] [INFO   ] Watchdog Thread hooked. 
[2025-09-01 15:16:22] [INFO   ]  bStats Metrics enabled. 
[2025-09-01 15:16:22] [INFO   ]  Detected version: 1.21.4, number: 21.4 
[2025-09-01 15:16:22] [INFO   ] Unfreezing biome registry... 
[2025-09-01 15:16:22] [INFO   ] Registered custom biome: muddy_bog 
[2025-09-01 15:16:22] [INFO   ] Registered custom biome: cherry_grove 
[2025-09-01 15:16:22] [INFO   ] Registered custom biome: scarlet_forest 
[2025-09-01 15:16:22] [INFO   ] Registered custom biome: crystalline_cluster 
[2025-09-01 15:16:22] [INFO   ] Freezing biome registry 
[2025-09-01 15:16:23] [INFO   ] [Structure Registry] Registered Large Structure: VillageHousePopulator 
[2025-09-01 15:16:23] [INFO   ] [Structure Registry] Registered Large Structure: VillagePopulator 
[2025-09-01 15:16:23] [INFO   ] [Structure Registry] Registered Large Structure: OutpostPopulator 
[2025-09-01 15:16:23] [INFO   ] [Structure Registry] Registered Large Structure: PyramidPopulator 
[2025-09-01 15:16:23] [INFO   ] [Structure Registry] Registered Large Structure: MonumentPopulator 
[2025-09-01 15:16:23] [INFO   ] [Structure Registry] Registered Large Structure: StrongholdPopulator 
[2025-09-01 15:16:23] [INFO   ] [Structure Registry] Registered Large Structure: MansionPopulator 
[2025-09-01 15:16:23] [INFO   ] [Structure Registry] Registered Large Structure: AncientCityPopulator 
[2025-09-01 15:16:23] [INFO   ] [Structure Registry] Registered Large Structure: TrialChamberPopulator 
[2025-09-01 15:16:23] [INFO   ] [Structure Registry] Registered Large Structure: LargeCavePopulator 
[2025-09-01 15:16:23] [INFO   ] [Structure Registry] Registered Large Structure: MineshaftPopulator 
[2025-09-01 15:16:23] [INFO   ] [Structure Registry] Registered Large Structure: CatacombsPopulator 
[2025-09-01 15:16:23] [INFO   ] [Structure Registry] Registered Large Structure: BadlandsMinePopulator 
[2025-09-01 15:16:23] [INFO   ] [Structure Registry] Registered Large Structure: WarmOceanRuinsPopulator 
[2025-09-01 15:16:23] [INFO   ] [Structure Registry] Registered Large Structure: TrailRuinsPopulator 
[2025-09-01 15:16:23] [INFO   ] [Structure Registry] Registered Small Structure: SmallDungeonPopulator 
[2025-09-01 15:16:23] [INFO   ] [Structure Registry] Registered Small Structure: ShipwreckPopulator 
[2025-09-01 15:16:23] [INFO   ] [Structure Registry] Registered Small Structure: BuriedTreasurePopulator 
[2025-09-01 15:16:23] [INFO   ] [Structure Registry] Registered Small Structure: RuinedPortalPopulator 
[2025-09-01 15:16:23] [INFO   ] [Structure Registry] Registered Small Structure: IglooPopulator 
[2025-09-01 15:16:23] [INFO   ] [Structure Registry] Registered Small Structure: DesertWellPopulator 
[2025-09-01 15:16:23] [INFO   ] [Structure Registry] Registered Small Structure: WitchHutPopulator 
[2025-09-01 15:16:32] [INFO   ] Creating TW instance: gama_alta - -311153547135682143 
[2025-09-01 15:16:32] [INFO   ]  Detected world: gama_alta, commencing injection...  
[2025-09-01 15:16:32] [INFO   ] Creating TW instance: gama_alta - -311153547135682143 
[2025-09-01 15:16:32] [INFO   ] NMSChunkGenerator Delegate is of type CustomChunkGenerator 
[2025-09-01 15:16:32] [INFO   ] Post injection: getChunkSource().getChunkGenerator() is of type NMSChunkGenerator 
[2025-09-01 15:16:32] [INFO   ]  Injection success! Proceeding with generation. 
[2025-09-01 15:16:33] [INFO   ]  gama_alta loaded. 
[2025-09-01 15:17:20] [INFO   ] Will spawn stronghold at: CoordPair[x=46, z=1407] 
[2025-09-01 15:17:28] [INFO   ] Spawning DeepCavePopulator at -1200,-40,-2427 
[2025-09-01 15:17:28] [INFO   ] Spawning MossyCavePopulator at -1200,38,-2426 
[2025-09-01 15:17:30] [INFO   ] Registered: org.terraform.structure.mineshaft.ShaftRoomPopulator at 3938 -9 -3279 in a room of size 13x14 
[2025-09-01 15:17:30] [INFO   ] Registered: org.terraform.structure.mineshaft.CaveSpiderDenPopulator at 3901 -9 -3267 in a room of size 14x14 
[2025-09-01 15:17:30] [INFO   ] Registered: org.terraform.structure.mineshaft.SmeltingHallPopulator at 3847 -9 -3322 in a room of size 13x14 
[2025-09-01 15:17:30] [INFO   ] Registered: org.terraform.structure.mineshaft.CaveSpiderDenPopulator at 3870 -9 -3232 in a room of size 13x15 
[2025-09-01 15:17:30] [INFO   ] Registered: org.terraform.structure.mineshaft.CaveSpiderDenPopulator at 3931 -9 -3204 in a room of size 15x13 
[2025-09-01 15:17:30] [INFO   ] Registered: org.terraform.structure.mineshaft.SmeltingHallPopulator at 3853 -9 -3287 in a room of size 15x15 
[2025-09-01 15:17:30] [INFO   ] Registered: org.terraform.structure.mineshaft.CaveSpiderDenPopulator at 3930 -9 -3239 in a room of size 14x13 
[2025-09-01 15:17:30] [INFO   ] Registered: org.terraform.structure.mineshaft.SmeltingHallPopulator at 3947 -9 -3263 in a room of size 15x13 
[2025-09-01 15:17:30] [INFO   ] Registered: org.terraform.structure.mineshaft.ShaftRoomPopulator at 3923 -9 -3337 in a room of size 13x14 
[2025-09-01 15:17:30] [INFO   ] Registered: org.terraform.structure.mineshaft.CaveSpiderDenPopulator at 3955 6 -3215 in a room of size 15x14 
[2025-09-01 15:17:30] [INFO   ] Registered: org.terraform.structure.mineshaft.ShaftTopPopulator at 3938 6 -3279 in a room of size 13x6 
[2025-09-01 15:17:30] [INFO   ] Registered: org.terraform.structure.mineshaft.CaveSpiderDenPopulator at 3831 6 -3249 in a room of size 15x15 
[2025-09-01 15:17:30] [INFO   ] Registered: org.terraform.structure.mineshaft.SmeltingHallPopulator at 3936 6 -3216 in a room of size 14x15 
[2025-09-01 15:17:30] [INFO   ] Registered: org.terraform.structure.mineshaft.SmeltingHallPopulator at 3903 6 -3336 in a room of size 15x14 
[2025-09-01 15:17:30] [INFO   ] Registered: org.terraform.structure.mineshaft.ShaftTopPopulator at 3923 6 -3337 in a room of size 13x7 
[2025-09-01 15:17:30] [INFO   ] Registered: org.terraform.structure.mineshaft.CaveSpiderDenPopulator at 3867 6 -3317 in a room of size 13x15 
[2025-09-01 15:17:30] [INFO   ] Registered: org.terraform.structure.mineshaft.SmeltingHallPopulator at 3957 6 -3306 in a room of size 14x14 
[2025-09-01 15:17:30] [INFO   ] Registered: org.terraform.structure.mineshaft.CaveSpiderDenPopulator at 3903 6 -3311 in a room of size 14x14 
[2025-09-01 15:17:30] [INFO   ] Registered: org.terraform.structure.mineshaft.CaveSpiderDenPopulator at 3971 6 -3233 in a room of size 14x14 
[2025-09-01 15:17:32] [INFO   ] Spawning CaveFluidClusterPopulator at -1200,36,-2440 
[2025-09-01 15:17:32] [INFO   ] Spawning DripstoneClusterCavePopulator at -1216,-13,-2432 
[2025-09-01 15:17:34] [INFO   ] Spawning CrystallineClusterCavePopulator at -4644,19,2236 
[2025-09-02 07:26:25] [INFO   ]  Custom Logger Initialized 
[2025-09-02 07:26:25] [INFO   ] [NOTICE] TerraformGenerator will suppress the server's watchdog while generating chunks to prevent unnecessary stacktrace warnings. Unless you specifically need thewatchdog now (to take aikar timings or debug lag), you don't need to take any action. 
[2025-09-02 07:26:25] [INFO   ] It is recommended to pregenerate to reduce lag problems. 
[2025-09-02 07:26:25] [INFO   ] Watchdog Thread hooked. 
[2025-09-02 07:26:25] [INFO   ]  bStats Metrics enabled. 
[2025-09-02 07:26:25] [INFO   ]  Detected version: 1.21.4, number: 21.4 
[2025-09-02 07:26:25] [INFO   ] Unfreezing biome registry... 
[2025-09-02 07:26:25] [INFO   ] Registered custom biome: muddy_bog 
[2025-09-02 07:26:25] [INFO   ] Registered custom biome: cherry_grove 
[2025-09-02 07:26:25] [INFO   ] Registered custom biome: scarlet_forest 
[2025-09-02 07:26:25] [INFO   ] Registered custom biome: crystalline_cluster 
[2025-09-02 07:26:25] [INFO   ] Freezing biome registry 
[2025-09-02 07:26:25] [INFO   ] [Structure Registry] Registered Large Structure: VillageHousePopulator 
[2025-09-02 07:26:25] [INFO   ] [Structure Registry] Registered Large Structure: VillagePopulator 
[2025-09-02 07:26:25] [INFO   ] [Structure Registry] Registered Large Structure: OutpostPopulator 
[2025-09-02 07:26:25] [INFO   ] [Structure Registry] Registered Large Structure: PyramidPopulator 
[2025-09-02 07:26:25] [INFO   ] [Structure Registry] Registered Large Structure: MonumentPopulator 
[2025-09-02 07:26:25] [INFO   ] [Structure Registry] Registered Large Structure: StrongholdPopulator 
[2025-09-02 07:26:25] [INFO   ] [Structure Registry] Registered Large Structure: MansionPopulator 
[2025-09-02 07:26:25] [INFO   ] [Structure Registry] Registered Large Structure: AncientCityPopulator 
[2025-09-02 07:26:25] [INFO   ] [Structure Registry] Registered Large Structure: TrialChamberPopulator 
[2025-09-02 07:26:25] [INFO   ] [Structure Registry] Registered Large Structure: LargeCavePopulator 
[2025-09-02 07:26:25] [INFO   ] [Structure Registry] Registered Large Structure: MineshaftPopulator 
[2025-09-02 07:26:25] [INFO   ] [Structure Registry] Registered Large Structure: CatacombsPopulator 
[2025-09-02 07:26:25] [INFO   ] [Structure Registry] Registered Large Structure: BadlandsMinePopulator 
[2025-09-02 07:26:25] [INFO   ] [Structure Registry] Registered Large Structure: WarmOceanRuinsPopulator 
[2025-09-02 07:26:25] [INFO   ] [Structure Registry] Registered Large Structure: TrailRuinsPopulator 
[2025-09-02 07:26:25] [INFO   ] [Structure Registry] Registered Small Structure: SmallDungeonPopulator 
[2025-09-02 07:26:25] [INFO   ] [Structure Registry] Registered Small Structure: ShipwreckPopulator 
[2025-09-02 07:26:25] [INFO   ] [Structure Registry] Registered Small Structure: BuriedTreasurePopulator 
[2025-09-02 07:26:25] [INFO   ] [Structure Registry] Registered Small Structure: RuinedPortalPopulator 
[2025-09-02 07:26:25] [INFO   ] [Structure Registry] Registered Small Structure: IglooPopulator 
[2025-09-02 07:26:25] [INFO   ] [Structure Registry] Registered Small Structure: DesertWellPopulator 
[2025-09-02 07:26:25] [INFO   ] [Structure Registry] Registered Small Structure: WitchHutPopulator 
[2025-09-02 07:26:35] [INFO   ] Creating TW instance: gama_alta - -311153547135682143 
[2025-09-02 07:26:35] [INFO   ]  Detected world: gama_alta, commencing injection...  
[2025-09-02 07:26:35] [INFO   ] Creating TW instance: gama_alta - -311153547135682143 
[2025-09-02 07:26:35] [INFO   ] NMSChunkGenerator Delegate is of type CustomChunkGenerator 
[2025-09-02 07:26:35] [INFO   ] Post injection: getChunkSource().getChunkGenerator() is of type NMSChunkGenerator 
[2025-09-02 07:26:35] [INFO   ]  Injection success! Proceeding with generation. 
[2025-09-02 07:26:36] [INFO   ]  gama_alta loaded. 
[2025-09-02 12:36:41] [INFO   ]  Custom Logger Initialized 
[2025-09-02 12:36:41] [INFO   ] [NOTICE] TerraformGenerator will suppress the server's watchdog while generating chunks to prevent unnecessary stacktrace warnings. Unless you specifically need thewatchdog now (to take aikar timings or debug lag), you don't need to take any action. 
[2025-09-02 12:36:41] [INFO   ] It is recommended to pregenerate to reduce lag problems. 
[2025-09-02 12:36:41] [INFO   ] Watchdog Thread hooked. 
[2025-09-02 12:36:41] [INFO   ]  bStats Metrics enabled. 
[2025-09-02 12:36:41] [INFO   ]  Detected version: 1.21.4, number: 21.4 
[2025-09-02 12:36:41] [INFO   ] Unfreezing biome registry... 
[2025-09-02 12:36:41] [INFO   ] Registered custom biome: muddy_bog 
[2025-09-02 12:36:41] [INFO   ] Registered custom biome: cherry_grove 
[2025-09-02 12:36:41] [INFO   ] Registered custom biome: scarlet_forest 
[2025-09-02 12:36:41] [INFO   ] Registered custom biome: crystalline_cluster 
[2025-09-02 12:36:41] [INFO   ] Freezing biome registry 
[2025-09-02 12:36:41] [INFO   ] [Structure Registry] Registered Large Structure: VillageHousePopulator 
[2025-09-02 12:36:41] [INFO   ] [Structure Registry] Registered Large Structure: VillagePopulator 
[2025-09-02 12:36:41] [INFO   ] [Structure Registry] Registered Large Structure: OutpostPopulator 
[2025-09-02 12:36:41] [INFO   ] [Structure Registry] Registered Large Structure: PyramidPopulator 
[2025-09-02 12:36:41] [INFO   ] [Structure Registry] Registered Large Structure: MonumentPopulator 
[2025-09-02 12:36:41] [INFO   ] [Structure Registry] Registered Large Structure: StrongholdPopulator 
[2025-09-02 12:36:41] [INFO   ] [Structure Registry] Registered Large Structure: MansionPopulator 
[2025-09-02 12:36:41] [INFO   ] [Structure Registry] Registered Large Structure: AncientCityPopulator 
[2025-09-02 12:36:41] [INFO   ] [Structure Registry] Registered Large Structure: TrialChamberPopulator 
[2025-09-02 12:36:41] [INFO   ] [Structure Registry] Registered Large Structure: LargeCavePopulator 
[2025-09-02 12:36:41] [INFO   ] [Structure Registry] Registered Large Structure: MineshaftPopulator 
[2025-09-02 12:36:41] [INFO   ] [Structure Registry] Registered Large Structure: CatacombsPopulator 
[2025-09-02 12:36:41] [INFO   ] [Structure Registry] Registered Large Structure: BadlandsMinePopulator 
[2025-09-02 12:36:41] [INFO   ] [Structure Registry] Registered Large Structure: WarmOceanRuinsPopulator 
[2025-09-02 12:36:41] [INFO   ] [Structure Registry] Registered Large Structure: TrailRuinsPopulator 
[2025-09-02 12:36:41] [INFO   ] [Structure Registry] Registered Small Structure: SmallDungeonPopulator 
[2025-09-02 12:36:41] [INFO   ] [Structure Registry] Registered Small Structure: ShipwreckPopulator 
[2025-09-02 12:36:41] [INFO   ] [Structure Registry] Registered Small Structure: BuriedTreasurePopulator 
[2025-09-02 12:36:41] [INFO   ] [Structure Registry] Registered Small Structure: RuinedPortalPopulator 
[2025-09-02 12:36:41] [INFO   ] [Structure Registry] Registered Small Structure: IglooPopulator 
[2025-09-02 12:36:41] [INFO   ] [Structure Registry] Registered Small Structure: DesertWellPopulator 
[2025-09-02 12:36:41] [INFO   ] [Structure Registry] Registered Small Structure: WitchHutPopulator 
[2025-09-02 12:36:51] [INFO   ] Creating TW instance: gama_alta - -311153547135682143 
[2025-09-02 12:36:51] [INFO   ]  Detected world: gama_alta, commencing injection...  
[2025-09-02 12:36:51] [INFO   ] Creating TW instance: gama_alta - -311153547135682143 
[2025-09-02 12:36:51] [INFO   ] NMSChunkGenerator Delegate is of type CustomChunkGenerator 
[2025-09-02 12:36:51] [INFO   ] Post injection: getChunkSource().getChunkGenerator() is of type NMSChunkGenerator 
[2025-09-02 12:36:51] [INFO   ]  Injection success! Proceeding with generation. 
[2025-09-02 12:36:52] [INFO   ]  gama_alta loaded. 
[2025-09-02 12:37:43] [INFO   ] Will spawn stronghold at: CoordPair[x=46, z=1407] 
[2025-09-02 12:37:45] [INFO   ] 148,-44 will spawn a vanilla structure, with tryGenerateStructure == true 
[2025-09-02 12:37:45] [INFO   ] -300,-268 will spawn a vanilla structure, with tryGenerateStructure == true 
[2025-09-02 12:37:51] [INFO   ] Spawning MossyCavePopulator at -896,-23,944 
[2025-09-02 12:37:51] [INFO   ] Spawning DeepCavePopulator at -893,-33,945 
[2025-09-02 12:37:51] [INFO   ] Registered: org.terraform.structure.mineshaft.SmeltingHallPopulator at -740 27 769 in a room of size 15x14 
[2025-09-02 12:37:51] [INFO   ] Registered: org.terraform.structure.mineshaft.SmeltingHallPopulator at -758 27 785 in a room of size 14x15 
[2025-09-02 12:37:51] [INFO   ] Registered: org.terraform.structure.mineshaft.SmeltingHallPopulator at -654 27 899 in a room of size 15x13 
[2025-09-02 12:37:51] [INFO   ] Registered: org.terraform.structure.mineshaft.SmeltingHallPopulator at -749 27 808 in a room of size 13x13 
[2025-09-02 12:37:51] [INFO   ] Registered: org.terraform.structure.mineshaft.CaveSpiderDenPopulator at -709 27 899 in a room of size 14x13 
[2025-09-02 12:37:51] [INFO   ] Registered: org.terraform.structure.mineshaft.CaveSpiderDenPopulator at -724 27 894 in a room of size 14x13 
[2025-09-02 12:37:51] [INFO   ] Registered: org.terraform.structure.mineshaft.CaveSpiderDenPopulator at -670 27 805 in a room of size 13x13 
[2025-09-02 12:37:51] [INFO   ] Registered: org.terraform.structure.mineshaft.SmeltingHallPopulator at -722 27 852 in a room of size 13x13 
[2025-09-02 12:37:51] [INFO   ] Registered: org.terraform.structure.mineshaft.SmeltingHallPopulator at -650 27 799 in a room of size 15x14 
[2025-09-02 12:37:51] [INFO   ] Registered: org.terraform.structure.mineshaft.SmeltingHallPopulator at -651 27 837 in a room of size 14x13 
[2025-09-02 12:37:51] [INFO   ] Spawning ForestedMountainsCavePopulator at -4816,59,-4224 
[2025-09-02 12:37:51] [INFO   ] Spawning CrystallineClusterCavePopulator at -4816,91,-4214 
[2025-09-02 12:37:53] [INFO   ] Spawning DripstoneClusterCavePopulator at -896,3,960 
[2025-09-02 12:37:53] [INFO   ] Spawning CaveFluidClusterPopulator at -880,36,960 
[2025-09-02 22:58:55] [INFO   ]  Custom Logger Initialized 
[2025-09-02 22:58:55] [INFO   ] [NOTICE] TerraformGenerator will suppress the server's watchdog while generating chunks to prevent unnecessary stacktrace warnings. Unless you specifically need thewatchdog now (to take aikar timings or debug lag), you don't need to take any action. 
[2025-09-02 22:58:55] [INFO   ] It is recommended to pregenerate to reduce lag problems. 
[2025-09-02 22:58:55] [INFO   ] Watchdog Thread hooked. 
[2025-09-02 22:58:55] [INFO   ]  bStats Metrics enabled. 
[2025-09-02 22:58:55] [INFO   ]  Detected version: 1.21.4, number: 21.4 
[2025-09-02 22:58:55] [INFO   ] Unfreezing biome registry... 
[2025-09-02 22:58:55] [INFO   ] Registered custom biome: muddy_bog 
[2025-09-02 22:58:55] [INFO   ] Registered custom biome: cherry_grove 
[2025-09-02 22:58:55] [INFO   ] Registered custom biome: scarlet_forest 
[2025-09-02 22:58:55] [INFO   ] Registered custom biome: crystalline_cluster 
[2025-09-02 22:58:55] [INFO   ] Freezing biome registry 
[2025-09-02 22:58:55] [INFO   ] [Structure Registry] Registered Large Structure: VillageHousePopulator 
[2025-09-02 22:58:55] [INFO   ] [Structure Registry] Registered Large Structure: VillagePopulator 
[2025-09-02 22:58:55] [INFO   ] [Structure Registry] Registered Large Structure: OutpostPopulator 
[2025-09-02 22:58:55] [INFO   ] [Structure Registry] Registered Large Structure: PyramidPopulator 
[2025-09-02 22:58:55] [INFO   ] [Structure Registry] Registered Large Structure: MonumentPopulator 
[2025-09-02 22:58:55] [INFO   ] [Structure Registry] Registered Large Structure: StrongholdPopulator 
[2025-09-02 22:58:55] [INFO   ] [Structure Registry] Registered Large Structure: MansionPopulator 
[2025-09-02 22:58:55] [INFO   ] [Structure Registry] Registered Large Structure: AncientCityPopulator 
[2025-09-02 22:58:55] [INFO   ] [Structure Registry] Registered Large Structure: TrialChamberPopulator 
[2025-09-02 22:58:55] [INFO   ] [Structure Registry] Registered Large Structure: LargeCavePopulator 
[2025-09-02 22:58:55] [INFO   ] [Structure Registry] Registered Large Structure: MineshaftPopulator 
[2025-09-02 22:58:55] [INFO   ] [Structure Registry] Registered Large Structure: CatacombsPopulator 
[2025-09-02 22:58:55] [INFO   ] [Structure Registry] Registered Large Structure: BadlandsMinePopulator 
[2025-09-02 22:58:55] [INFO   ] [Structure Registry] Registered Large Structure: WarmOceanRuinsPopulator 
[2025-09-02 22:58:55] [INFO   ] [Structure Registry] Registered Large Structure: TrailRuinsPopulator 
[2025-09-02 22:58:55] [INFO   ] [Structure Registry] Registered Small Structure: SmallDungeonPopulator 
[2025-09-02 22:58:55] [INFO   ] [Structure Registry] Registered Small Structure: ShipwreckPopulator 
[2025-09-02 22:58:55] [INFO   ] [Structure Registry] Registered Small Structure: BuriedTreasurePopulator 
[2025-09-02 22:58:55] [INFO   ] [Structure Registry] Registered Small Structure: RuinedPortalPopulator 
[2025-09-02 22:58:55] [INFO   ] [Structure Registry] Registered Small Structure: IglooPopulator 
[2025-09-02 22:58:55] [INFO   ] [Structure Registry] Registered Small Structure: DesertWellPopulator 
[2025-09-02 22:58:55] [INFO   ] [Structure Registry] Registered Small Structure: WitchHutPopulator 
[2025-09-02 22:59:05] [INFO   ] Creating TW instance: gama_alta - -311153547135682143 
[2025-09-02 22:59:05] [INFO   ]  Detected world: gama_alta, commencing injection...  
[2025-09-02 22:59:05] [INFO   ] Creating TW instance: gama_alta - -311153547135682143 
[2025-09-02 22:59:05] [INFO   ] NMSChunkGenerator Delegate is of type CustomChunkGenerator 
[2025-09-02 22:59:05] [INFO   ] Post injection: getChunkSource().getChunkGenerator() is of type NMSChunkGenerator 
[2025-09-02 22:59:05] [INFO   ]  Injection success! Proceeding with generation. 
[2025-09-02 22:59:06] [INFO   ]  gama_alta loaded. 
[2025-09-02 22:59:52] [INFO   ] Will spawn stronghold at: CoordPair[x=46, z=1407] 
[2025-09-02 23:00:02] [INFO   ] Spawning MossyCavePopulator at 4224,55,-2640 
[2025-09-02 23:00:02] [INFO   ] Registered: org.terraform.structure.mineshaft.SmeltingHallPopulator at 4364 20 -2695 in a room of size 14x13 
[2025-09-02 23:00:02] [INFO   ] Registered: org.terraform.structure.mineshaft.CaveSpiderDenPopulator at 4406 20 -2727 in a room of size 14x14 
[2025-09-02 23:00:02] [INFO   ] Registered: org.terraform.structure.mineshaft.CaveSpiderDenPopulator at 4381 20 -2800 in a room of size 13x14 
[2025-09-02 23:00:02] [INFO   ] Registered: org.terraform.structure.mineshaft.CaveSpiderDenPopulator at 4462 20 -2808 in a room of size 15x13 
[2025-09-02 23:00:02] [INFO   ] Registered: org.terraform.structure.mineshaft.CaveSpiderDenPopulator at 4440 20 -2761 in a room of size 14x13 
[2025-09-02 23:00:02] [INFO   ] Registered: org.terraform.structure.mineshaft.CaveSpiderDenPopulator at 4407 20 -2692 in a room of size 15x13 
[2025-09-02 23:00:02] [INFO   ] Registered: org.terraform.structure.mineshaft.CaveSpiderDenPopulator at 4460 20 -2688 in a room of size 14x13 
[2025-09-02 23:00:02] [INFO   ] Registered: org.terraform.structure.mineshaft.CaveSpiderDenPopulator at 4425 20 -2771 in a room of size 14x15 
[2025-09-02 23:00:02] [INFO   ] Registered: org.terraform.structure.mineshaft.SmeltingHallPopulator at 4442 20 -2747 in a room of size 14x13 
[2025-09-02 23:00:02] [INFO   ] Spawning DeepCavePopulator at -3136,-33,-2008 
[2025-09-02 23:00:02] [INFO   ] Large Cave at -3264,25,-1728 has water level > -12 with populator MushroomCavePopulator 
[2025-09-02 23:00:03] [INFO   ] Large Cave at 2368,8,-4288 has water level > -21 with populator GenericLargeCavePopulator 
[2025-09-02 23:00:05] [INFO   ] Spawning DripstoneClusterCavePopulator at 4224,11,-2624 
[2025-09-02 23:00:05] [INFO   ] Spawning ForestedMountainsCavePopulator at 4225,43,-2610 
[2025-09-02 23:00:05] [INFO   ] Spawning CaveFluidClusterPopulator at 4240,-24,-2640 
[2025-09-24 23:26:54] [INFO   ]  Custom Logger Initialized 
[2025-09-24 23:26:54] [INFO   ] [NOTICE] TerraformGenerator will suppress the server's watchdog while generating chunks to prevent unnecessary stacktrace warnings. Unless you specifically need thewatchdog now (to take aikar timings or debug lag), you don't need to take any action. 
[2025-09-24 23:26:54] [INFO   ] It is recommended to pregenerate to reduce lag problems. 
[2025-09-24 23:26:54] [INFO   ] Watchdog Thread hooked. 
[2025-09-24 23:26:54] [INFO   ]  bStats Metrics enabled. 
[2025-09-24 23:26:54] [INFO   ]  Detected version: 1.21.4, number: 21.4 
[2025-09-24 23:26:54] [INFO   ] Unfreezing biome registry... 
[2025-09-24 23:26:54] [INFO   ] Registered custom biome: muddy_bog 
[2025-09-24 23:26:54] [INFO   ] Registered custom biome: cherry_grove 
[2025-09-24 23:26:54] [INFO   ] Registered custom biome: scarlet_forest 
[2025-09-24 23:26:54] [INFO   ] Registered custom biome: crystalline_cluster 
[2025-09-24 23:26:54] [INFO   ] Freezing biome registry 
[2025-09-24 23:26:54] [INFO   ] [Structure Registry] Registered Large Structure: VillageHousePopulator 
[2025-09-24 23:26:54] [INFO   ] [Structure Registry] Registered Large Structure: VillagePopulator 
[2025-09-24 23:26:54] [INFO   ] [Structure Registry] Registered Large Structure: OutpostPopulator 
[2025-09-24 23:26:54] [INFO   ] [Structure Registry] Registered Large Structure: PyramidPopulator 
[2025-09-24 23:26:55] [INFO   ] [Structure Registry] Registered Large Structure: MonumentPopulator 
[2025-09-24 23:26:55] [INFO   ] [Structure Registry] Registered Large Structure: StrongholdPopulator 
[2025-09-24 23:26:55] [INFO   ] [Structure Registry] Registered Large Structure: MansionPopulator 
[2025-09-24 23:26:55] [INFO   ] [Structure Registry] Registered Large Structure: AncientCityPopulator 
[2025-09-24 23:26:55] [INFO   ] [Structure Registry] Registered Large Structure: TrialChamberPopulator 
[2025-09-24 23:26:55] [INFO   ] [Structure Registry] Registered Large Structure: LargeCavePopulator 
[2025-09-24 23:26:55] [INFO   ] [Structure Registry] Registered Large Structure: MineshaftPopulator 
[2025-09-24 23:26:55] [INFO   ] [Structure Registry] Registered Large Structure: CatacombsPopulator 
[2025-09-24 23:26:55] [INFO   ] [Structure Registry] Registered Large Structure: BadlandsMinePopulator 
[2025-09-24 23:26:55] [INFO   ] [Structure Registry] Registered Large Structure: WarmOceanRuinsPopulator 
[2025-09-24 23:26:55] [INFO   ] [Structure Registry] Registered Large Structure: TrailRuinsPopulator 
[2025-09-24 23:26:55] [INFO   ] [Structure Registry] Registered Small Structure: SmallDungeonPopulator 
[2025-09-24 23:26:55] [INFO   ] [Structure Registry] Registered Small Structure: ShipwreckPopulator 
[2025-09-24 23:26:55] [INFO   ] [Structure Registry] Registered Small Structure: BuriedTreasurePopulator 
[2025-09-24 23:26:55] [INFO   ] [Structure Registry] Registered Small Structure: RuinedPortalPopulator 
[2025-09-24 23:26:55] [INFO   ] [Structure Registry] Registered Small Structure: IglooPopulator 
[2025-09-24 23:26:55] [INFO   ] [Structure Registry] Registered Small Structure: DesertWellPopulator 
[2025-09-24 23:26:55] [INFO   ] [Structure Registry] Registered Small Structure: WitchHutPopulator 
[2025-09-24 23:27:04] [INFO   ] Creating TW instance: gama_alta - -311153547135682143 
[2025-09-24 23:27:04] [INFO   ]  Detected world: gama_alta, commencing injection...  
[2025-09-24 23:27:04] [INFO   ] Creating TW instance: gama_alta - -311153547135682143 
[2025-09-24 23:27:04] [INFO   ] NMSChunkGenerator Delegate is of type CustomChunkGenerator 
[2025-09-24 23:27:04] [INFO   ] Post injection: getChunkSource().getChunkGenerator() is of type NMSChunkGenerator 
[2025-09-24 23:27:04] [INFO   ]  Injection success! Proceeding with generation. 
[2025-09-24 23:27:05] [INFO   ]  gama_alta loaded. 
[2025-09-24 23:27:56] [INFO   ] Will spawn stronghold at: CoordPair[x=46, z=1407] 
[2025-09-24 23:28:06] [INFO   ] Spawning ForestedMountainsCavePopulator at -1760,75,-3152 
[2025-09-24 23:28:06] [INFO   ] Spawning ancient city at: -1728,-18,-3264 
[2025-09-24 23:28:06] [INFO   ] Registered: org.terraform.structure.ancientcity.AncientCityRuinsPlatform at -1786 -18 -3232 in a room of size 21x18 
[2025-09-24 23:28:06] [INFO   ] Registered: org.terraform.structure.ancientcity.AncientCitySchematicPlatform at -1677 -18 -3226 in a room of size 17x21 
[2025-09-24 23:28:06] [INFO   ] Registered: org.terraform.structure.ancientcity.AncientCityRuinsPlatform at -1763 -18 -3248 in a room of size 20x19 
[2025-09-24 23:28:06] [INFO   ] Registered: org.terraform.structure.ancientcity.AncientCitySchematicPlatform at -1669 -18 -3300 in a room of size 22x22 
[2025-09-24 23:28:06] [INFO   ] Registered: org.terraform.structure.ancientcity.AncientCityRuinsPlatform at -1784 -18 -3212 in a room of size 25x16 
[2025-09-24 23:28:06] [INFO   ] Registered: org.terraform.structure.ancientcity.AncientCitySchematicPlatform at -1762 -18 -3306 in a room of size 23x16 
[2025-09-24 23:28:06] [INFO   ] Registered: org.terraform.structure.ancientcity.AncientCityAltarPopulator at -1684 -18 -3271 in a room of size 21x22 
[2025-09-24 23:28:06] [INFO   ] Registered: org.terraform.structure.ancientcity.AncientCityLargePillarRoomPopulator at -1713 -18 -3220 in a room of size 19x19 
[2025-09-24 23:28:06] [INFO   ] Registered: org.terraform.structure.ancientcity.AncientCityRuinsPlatform at -1770 -18 -3280 in a room of size 25x19 
[2025-09-24 23:28:06] [INFO   ] Registered: org.terraform.structure.ancientcity.AncientCityCenterPlatformPopulator at -1720 -18 -3256 in a room of size 46x46 
[2025-09-24 23:28:06] [INFO   ] Registered: org.terraform.structure.ancientcity.AncientCityRuinsPlatform at -1675 -18 -3207 in a room of size 24x16 
[2025-09-24 23:28:06] [INFO   ] Registered: org.terraform.structure.ancientcity.AncientCitySchematicPlatform at -1712 -18 -3299 in a room of size 16x21 
[2025-09-24 23:28:06] [INFO   ] Spawning FrozenCavePopulator at -1376,47,-656 
[2025-09-24 23:28:06] [INFO   ] Registered: org.terraform.structure.mineshaft.ShaftRoomPopulator at -1274 -5 -727 in a room of size 14x15 
[2025-09-24 23:28:06] [INFO   ] Registered: org.terraform.structure.mineshaft.CaveSpiderDenPopulator at -1222 -5 -642 in a room of size 13x13 
[2025-09-24 23:28:06] [INFO   ] Registered: org.terraform.structure.mineshaft.CaveSpiderDenPopulator at -1256 -5 -712 in a room of size 13x15 
[2025-09-24 23:28:06] [INFO   ] Registered: org.terraform.structure.mineshaft.CaveSpiderDenPopulator at -1203 -5 -739 in a room of size 13x13 
[2025-09-24 23:28:06] [INFO   ] Registered: org.terraform.structure.mineshaft.ShaftRoomPopulator at -1230 -5 -666 in a room of size 15x13 
[2025-09-24 23:28:06] [INFO   ] Registered: org.terraform.structure.mineshaft.SmeltingHallPopulator at -1271 -5 -637 in a room of size 14x13 
[2025-09-24 23:28:06] [INFO   ] Registered: org.terraform.structure.mineshaft.ShaftRoomPopulator at -1184 -5 -748 in a room of size 14x14 
[2025-09-24 23:28:06] [INFO   ] Registered: org.terraform.structure.mineshaft.CaveSpiderDenPopulator at -1238 -5 -742 in a room of size 14x14 
[2025-09-24 23:28:06] [INFO   ] Registered: org.terraform.structure.mineshaft.ShaftRoomPopulator at -1168 -5 -650 in a room of size 13x14 
[2025-09-24 23:28:06] [INFO   ] Registered: org.terraform.structure.mineshaft.SmeltingHallPopulator at -1267 10 -641 in a room of size 13x13 
[2025-09-24 23:28:06] [INFO   ] Registered: org.terraform.structure.mineshaft.CaveSpiderDenPopulator at -1164 10 -744 in a room of size 13x15 
[2025-09-24 23:28:06] [INFO   ] Registered: org.terraform.structure.mineshaft.ShaftTopPopulator at -1274 10 -727 in a room of size 14x5 
[2025-09-24 23:28:06] [INFO   ] Registered: org.terraform.structure.mineshaft.SmeltingHallPopulator at -1218 10 -646 in a room of size 15x13 
[2025-09-24 23:28:06] [INFO   ] Registered: org.terraform.structure.mineshaft.SmeltingHallPopulator at -1183 10 -643 in a room of size 13x14 
[2025-09-24 23:28:06] [INFO   ] Registered: org.terraform.structure.mineshaft.CaveSpiderDenPopulator at -1160 10 -640 in a room of size 14x13 
[2025-09-24 23:28:06] [INFO   ] Registered: org.terraform.structure.mineshaft.CaveSpiderDenPopulator at -1202 10 -705 in a room of size 14x15 
[2025-09-24 23:28:06] [INFO   ] Registered: org.terraform.structure.mineshaft.ShaftTopPopulator at -1184 10 -748 in a room of size 14x5 
[2025-09-24 23:28:06] [INFO   ] Registered: org.terraform.structure.mineshaft.CaveSpiderDenPopulator at -1283 10 -640 in a room of size 13x13 
[2025-09-24 23:28:06] [INFO   ] Registered: org.terraform.structure.mineshaft.SmeltingHallPopulator at -1253 10 -672 in a room of size 13x15 
[2025-09-24 23:28:06] [INFO   ] Registered: org.terraform.structure.mineshaft.CaveSpiderDenPopulator at -1284 10 -708 in a room of size 13x13 
[2025-09-24 23:28:06] [INFO   ] Registered: org.terraform.structure.mineshaft.ShaftTopPopulator at -1230 10 -666 in a room of size 15x6 
[2025-09-24 23:28:06] [INFO   ] Registered: org.terraform.structure.mineshaft.ShaftTopPopulator at -1168 10 -650 in a room of size 13x5 
[2025-09-24 23:28:07] [INFO   ] Spawning DeepCavePopulator at 2160,-48,-3450 
[2025-09-24 23:28:07] [INFO   ] Spawning MossyCavePopulator at 2160,-23,-3449 
[2025-09-24 23:28:07] [INFO   ] Large Cave at 2368,14,-3264 has water level > -6 with populator MushroomCavePopulator 
[2025-09-24 23:28:11] [INFO   ] Spawning CaveFluidClusterPopulator at -1760,2,-3160 
[2025-09-24 23:28:12] [INFO   ] Spawning LushClusterCavePopulator at 2176,-23,-3456 
[2025-09-24 23:28:16] [INFO   ] Registered: org.terraform.structure.mineshaft.SmeltingHallPopulator at -4309 -5 3964 in a room of size 15x14 
[2025-09-24 23:28:16] [INFO   ] Registered: org.terraform.structure.mineshaft.CaveSpiderDenPopulator at -4351 -5 3842 in a room of size 15x14 
[2025-09-24 23:28:16] [INFO   ] Registered: org.terraform.structure.mineshaft.CaveSpiderDenPopulator at -4275 -5 3953 in a room of size 13x15 
[2025-09-24 23:28:16] [INFO   ] Registered: org.terraform.structure.mineshaft.SmeltingHallPopulator at -4255 -5 3831 in a room of size 13x14 
[2025-09-24 23:28:16] [INFO   ] Registered: org.terraform.structure.mineshaft.CaveSpiderDenPopulator at -4357 -5 3918 in a room of size 13x15 
[2025-09-24 23:28:16] [INFO   ] Registered: org.terraform.structure.mineshaft.CaveSpiderDenPopulator at -4233 -5 3939 in a room of size 14x15 
[2025-09-24 23:28:16] [INFO   ] Registered: org.terraform.structure.mineshaft.CaveSpiderDenPopulator at -4298 -5 3944 in a room of size 13x13 
[2025-09-24 23:28:16] [INFO   ] Registered: org.terraform.structure.mineshaft.CaveSpiderDenPopulator at -4337 -5 3970 in a room of size 15x14 
[2025-09-24 23:28:16] [INFO   ] Registered: org.terraform.structure.mineshaft.CaveSpiderDenPopulator at -4220 -5 3927 in a room of size 13x13 
[2025-09-24 23:28:16] [INFO   ] Registered: org.terraform.structure.mineshaft.CaveSpiderDenPopulator at -4315 -5 3838 in a room of size 15x15 
[2025-09-28 17:37:33] [INFO   ]  Custom Logger Initialized 
[2025-09-28 17:37:33] [INFO   ] [NOTICE] TerraformGenerator will suppress the server's watchdog while generating chunks to prevent unnecessary stacktrace warnings. Unless you specifically need thewatchdog now (to take aikar timings or debug lag), you don't need to take any action. 
[2025-09-28 17:37:33] [INFO   ] It is recommended to pregenerate to reduce lag problems. 
[2025-09-28 17:37:33] [INFO   ] Watchdog Thread hooked. 
[2025-09-28 17:37:33] [INFO   ]  bStats Metrics enabled. 
[2025-09-28 17:37:33] [INFO   ]  Detected version: 1.21.4, number: 21.4 
[2025-09-28 17:37:33] [INFO   ] Unfreezing biome registry... 
[2025-09-28 17:37:33] [INFO   ] Registered custom biome: muddy_bog 
[2025-09-28 17:37:33] [INFO   ] Registered custom biome: cherry_grove 
[2025-09-28 17:37:33] [INFO   ] Registered custom biome: scarlet_forest 
[2025-09-28 17:37:33] [INFO   ] Registered custom biome: crystalline_cluster 
[2025-09-28 17:37:33] [INFO   ] Freezing biome registry 
[2025-09-28 17:37:33] [INFO   ] [Structure Registry] Registered Large Structure: VillageHousePopulator 
[2025-09-28 17:37:33] [INFO   ] [Structure Registry] Registered Large Structure: VillagePopulator 
[2025-09-28 17:37:33] [INFO   ] [Structure Registry] Registered Large Structure: OutpostPopulator 
[2025-09-28 17:37:33] [INFO   ] [Structure Registry] Registered Large Structure: PyramidPopulator 
[2025-09-28 17:37:33] [INFO   ] [Structure Registry] Registered Large Structure: MonumentPopulator 
[2025-09-28 17:37:33] [INFO   ] [Structure Registry] Registered Large Structure: StrongholdPopulator 
[2025-09-28 17:37:33] [INFO   ] [Structure Registry] Registered Large Structure: MansionPopulator 
[2025-09-28 17:37:33] [INFO   ] [Structure Registry] Registered Large Structure: AncientCityPopulator 
[2025-09-28 17:37:33] [INFO   ] [Structure Registry] Registered Large Structure: TrialChamberPopulator 
[2025-09-28 17:37:33] [INFO   ] [Structure Registry] Registered Large Structure: LargeCavePopulator 
[2025-09-28 17:37:33] [INFO   ] [Structure Registry] Registered Large Structure: MineshaftPopulator 
[2025-09-28 17:37:33] [INFO   ] [Structure Registry] Registered Large Structure: CatacombsPopulator 
[2025-09-28 17:37:33] [INFO   ] [Structure Registry] Registered Large Structure: BadlandsMinePopulator 
[2025-09-28 17:37:33] [INFO   ] [Structure Registry] Registered Large Structure: WarmOceanRuinsPopulator 
[2025-09-28 17:37:33] [INFO   ] [Structure Registry] Registered Large Structure: TrailRuinsPopulator 
[2025-09-28 17:37:33] [INFO   ] [Structure Registry] Registered Small Structure: SmallDungeonPopulator 
[2025-09-28 17:37:33] [INFO   ] [Structure Registry] Registered Small Structure: ShipwreckPopulator 
[2025-09-28 17:37:33] [INFO   ] [Structure Registry] Registered Small Structure: BuriedTreasurePopulator 
[2025-09-28 17:37:33] [INFO   ] [Structure Registry] Registered Small Structure: RuinedPortalPopulator 
[2025-09-28 17:37:33] [INFO   ] [Structure Registry] Registered Small Structure: IglooPopulator 
[2025-09-28 17:37:33] [INFO   ] [Structure Registry] Registered Small Structure: DesertWellPopulator 
[2025-09-28 17:37:33] [INFO   ] [Structure Registry] Registered Small Structure: WitchHutPopulator 
[2025-09-28 17:37:43] [INFO   ] Creating TW instance: gama_alta - -311153547135682143 
[2025-09-28 17:37:43] [INFO   ]  Detected world: gama_alta, commencing injection...  
[2025-09-28 17:37:43] [INFO   ] Creating TW instance: gama_alta - -311153547135682143 
[2025-09-28 17:37:43] [INFO   ] NMSChunkGenerator Delegate is of type CustomChunkGenerator 
[2025-09-28 17:37:43] [INFO   ] Post injection: getChunkSource().getChunkGenerator() is of type NMSChunkGenerator 
[2025-09-28 17:37:43] [INFO   ]  Injection success! Proceeding with generation. 
[2025-09-28 17:37:43] [INFO   ]  gama_alta loaded. 
[2025-09-28 17:38:33] [INFO   ] Will spawn stronghold at: CoordPair[x=46, z=1407] 
[2025-09-28 17:38:48] [INFO   ] Spawning MossyCavePopulator at 2528,-5,-4160 
[2025-09-28 17:38:48] [INFO   ] Spawning DeepCavePopulator at 2528,-39,-4160 
[2025-09-28 17:38:48] [INFO   ] Large Cave at 2368,8,-4288 has water level > -21 with populator GenericLargeCavePopulator 
[2025-09-28 17:38:48] [INFO   ] Registered: org.terraform.structure.mineshaft.SmeltingHallPopulator at 245 30 1867 in a room of size 13x15 
[2025-09-28 17:38:48] [INFO   ] Registered: org.terraform.structure.mineshaft.CaveSpiderDenPopulator at 357 30 1927 in a room of size 15x13 
[2025-09-28 17:38:48] [INFO   ] Registered: org.terraform.structure.mineshaft.CaveSpiderDenPopulator at 311 30 1922 in a room of size 13x14 
[2025-09-28 17:38:48] [INFO   ] Registered: org.terraform.structure.mineshaft.SmeltingHallPopulator at 251 30 1798 in a room of size 14x14 
[2025-09-28 17:38:48] [INFO   ] Registered: org.terraform.structure.mineshaft.CaveSpiderDenPopulator at 389 30 1913 in a room of size 13x15 
[2025-09-28 17:38:48] [INFO   ] Registered: org.terraform.structure.mineshaft.CaveSpiderDenPopulator at 365 30 1842 in a room of size 14x13 
[2025-09-28 17:38:48] [INFO   ] Registered: org.terraform.structure.mineshaft.CaveSpiderDenPopulator at 266 30 1923 in a room of size 14x14 
[2025-09-28 17:38:48] [INFO   ] Large Cave at -192,19,-704 has water level > -21 with populator LargeLushCavePopulator 
[2025-09-28 17:38:50] [INFO   ] Spawning CaveFluidClusterPopulator at 2520,42,-4160 
[2025-09-28 17:38:51] [INFO   ] Spawning FrozenCavePopulator at 2558,-4,-4161 
[2025-09-28 17:38:54] [INFO   ] Spawning LushClusterCavePopulator at -448,-20,-832 
[2025-09-28 17:38:59] [INFO   ] Registered: org.terraform.structure.catacombs.CatacombsPillarRoomPopulator at 2888 12 -2744 in a room of size 7x9 
[2025-09-28 17:38:59] [INFO   ] Registered: org.terraform.structure.catacombs.CatacombsSkeletonDungeonPopulator at 2865 12 -2742 in a room of size 7x7 
[2025-09-28 17:38:59] [INFO   ] Registered: org.terraform.structure.catacombs.CatacombsCasketRoomPopulator at 2873 12 -2752 in a room of size 9x10 
[2025-09-28 17:38:59] [INFO   ] Registered: org.terraform.structure.catacombs.CatacombsPillarRoomPopulator at 2894 12 -2761 in a room of size 8x7 
[2025-09-28 17:38:59] [INFO   ] Registered: org.terraform.structure.catacombs.CatacombsCasketRoomPopulator at 2899 12 -2749 in a room of size 10x8 
[2025-09-28 17:38:59] [INFO   ] Registered: org.terraform.structure.catacombs.CatacombsSkeletonDungeonPopulator at 2878 12 -2766 in a room of size 10x9 
[2025-09-28 17:39:00] [INFO   ] Large Cave at -4800,5,3904 has water level > -32 with populator MushroomCavePopulator 
[2026-03-06 10:51:23] [INFO   ]  Custom Logger Initialized 
[2026-03-06 10:51:23] [INFO   ] [NOTICE] TerraformGenerator will suppress the server's watchdog while generating chunks to prevent unnecessary stacktrace warnings. Unless you specifically need thewatchdog now (to take aikar timings or debug lag), you don't need to take any action. 
[2026-03-06 10:51:23] [INFO   ] It is recommended to pregenerate to reduce lag problems. 
[2026-03-06 10:51:23] [INFO   ] Watchdog Thread hooked. 
[2026-03-06 10:51:23] [INFO   ]  bStats Metrics enabled. 
[2026-03-06 10:51:23] [INFO   ]  Detected version: 1.21.11, number: 21.11 
[2026-03-06 10:51:23] [SEVERE ] [!] TerraformGenerator.jar//org.terraform.main.TerraformGeneratorPlugin.onEnable(TerraformGeneratorPlugin.java:146) 
[2026-03-06 10:51:23] [SEVERE ] [!] org.bukkit.plugin.java.JavaPlugin.setEnabled(JavaPlugin.java:279) 
[2026-03-06 10:51:23] [SEVERE ] [!] io.papermc.paper.plugin.manager.PaperPluginInstanceManager.enablePlugin(PaperPluginInstanceManager.java:202) 
[2026-03-06 10:51:23] [SEVERE ] [!] io.papermc.paper.plugin.manager.PaperPluginManagerImpl.enablePlugin(PaperPluginManagerImpl.java:109) 
[2026-03-06 10:51:23] [SEVERE ] [!] org.bukkit.plugin.SimplePluginManager.enablePlugin(SimplePluginManager.java:520) 
[2026-03-06 10:51:23] [SEVERE ] [!] org.bukkit.craftbukkit.CraftServer.enablePlugin(CraftServer.java:639) 
[2026-03-06 10:51:23] [SEVERE ] [!] org.bukkit.craftbukkit.CraftServer.enablePlugins(CraftServer.java:596) 
[2026-03-06 10:51:23] [SEVERE ] [!] net.minecraft.server.dedicated.DedicatedServer.initServer(DedicatedServer.java:321) 
[2026-03-06 10:51:23] [SEVERE ] [!] net.minecraft.server.MinecraftServer.runServer(MinecraftServer.java:1258) 
[2026-03-06 10:51:23] [SEVERE ] [!] net.minecraft.server.MinecraftServer.lambda$spin$2(MinecraftServer.java:388) 
[2026-03-06 10:51:23] [SEVERE ] [!] java.base/java.lang.Thread.run(Thread.java:1583) 
[2026-03-06 10:51:23] [INFO   ]  No support for this version has been made yet! 
[2026-03-06 10:51:23] [INFO   ] [Structure Registry] Registered Large Structure: VillageHousePopulator 
[2026-03-06 10:51:23] [INFO   ] [Structure Registry] Registered Large Structure: VillagePopulator 
[2026-03-06 10:51:23] [INFO   ] [Structure Registry] Registered Large Structure: OutpostPopulator 
[2026-03-06 10:51:23] [INFO   ] [Structure Registry] Registered Large Structure: PyramidPopulator 
[2026-03-06 10:51:23] [INFO   ] [Structure Registry] Registered Large Structure: MonumentPopulator 
[2026-03-06 10:51:23] [INFO   ] [Structure Registry] Registered Large Structure: StrongholdPopulator 
[2026-03-06 10:51:23] [INFO   ] [Structure Registry] Registered Large Structure: MansionPopulator 
[2026-03-06 10:51:23] [INFO   ] [Structure Registry] Registered Large Structure: AncientCityPopulator 
[2026-03-06 10:51:23] [INFO   ] [Structure Registry] Registered Large Structure: TrialChamberPopulator 
[2026-03-06 10:51:23] [INFO   ] [Structure Registry] Registered Large Structure: LargeCavePopulator 
[2026-03-06 10:51:23] [INFO   ] [Structure Registry] Registered Large Structure: MineshaftPopulator 
[2026-03-06 10:51:23] [INFO   ] [Structure Registry] Registered Large Structure: CatacombsPopulator 
[2026-03-06 10:51:23] [INFO   ] [Structure Registry] Registered Large Structure: BadlandsMinePopulator 
[2026-03-06 10:51:23] [INFO   ] [Structure Registry] Registered Large Structure: WarmOceanRuinsPopulator 
[2026-03-06 10:51:23] [INFO   ] [Structure Registry] Registered Large Structure: TrailRuinsPopulator 
[2026-03-06 10:51:23] [INFO   ] [Structure Registry] Registered Small Structure: SmallDungeonPopulator 
[2026-03-06 10:51:23] [INFO   ] [Structure Registry] Registered Small Structure: ShipwreckPopulator 
[2026-03-06 10:51:23] [INFO   ] [Structure Registry] Registered Small Structure: BuriedTreasurePopulator 
[2026-03-06 10:51:23] [INFO   ] [Structure Registry] Registered Small Structure: RuinedPortalPopulator 
[2026-03-06 10:51:23] [INFO   ] [Structure Registry] Registered Small Structure: IglooPopulator 
[2026-03-06 10:51:23] [INFO   ] [Structure Registry] Registered Small Structure: DesertWellPopulator 
[2026-03-06 10:51:23] [INFO   ] [Structure Registry] Registered Small Structure: WitchHutPopulator 
[2026-03-06 10:51:33] [INFO   ] Creating TW instance: gama_alta - -311153547135682143 
[2026-03-06 10:51:33] [INFO   ]  Detected world: gama_alta, commencing injection...  
[2026-03-06 10:51:33] [INFO   ] Creating TW instance: gama_alta - -311153547135682143 
[2026-03-06 10:51:33] [INFO   ]  Injection failed. 
[2026-03-06 10:51:33] [INFO   ]  gama_alta loaded. 
